CustomerID,Age,Gender,Geography,Income,CreditScore,CardType,CreditLimit,OutstandingBalance,AvgMonthlySpend,LatePaymentCount_12m,CashAdvanceCount_12m,RewardPoints,TenureMonths,NumProducts,HasOnlineBanking,HasMobileApp,CustomerServiceCalls_6m,Churn
CUST100000,59,Male,Canada,159839,603,Silver,373972,345992,20558,0,3,87346,69,1,Yes,No,1,Yes
CUST100001,72,Male,UK,42852,802,Gold,318276,319836,31782,0,0,172192,89,4,Yes,Yes,4,Yes
CUST100002,49,Male,Australia,99239,637,Silver,397864,225461,5782,1,0,17809,64,3,Yes,Yes,3,No
CUST100003,35,Male,USA,152001,849,Platinum,318254,299644,55712,1,0,183885,49,3,Yes,Yes,2,No
CUST100004,63,Male,UK,111575,574,Silver,209826,295929,20462,1,1,27967,72,4,No,Yes,2,No
CUST100005,28,Female,Canada,115040,463,Silver,345724,84146,61030,2,0,140820,17,4,Yes,Yes,3,No
CUST100006,41,Male,Australia,168510,742,Silver,435685,47997,69519,2,0,23424,73,3,Yes,Yes,1,No
CUST100007,59,Male,USA,199587,618,Silver,346160,7170,57411,1,1,154986,32,4,Yes,Yes,2,No
CUST100008,39,Male,UK,25744,888,Silver,66233,144375,56206,1,1,108411,70,2,No,Yes,2,No
CUST100009,43,Male,USA,193489,803,Gold,412007,333887,47950,2,1,150563,113,4,Yes,Yes,2,No
CUST100010,31,Female,Canada,158141,686,Platinum,217780,35187,3523,0,2,180526,104,1,Yes,Yes,5,No
CUST100011,31,Male,USA,62359,793,Gold,471448,196106,61926,0,1,70069,21,1,No,No,3,Yes
CUST100012,44,Female,India,170871,789,Silver,244522,132965,10677,2,1,182997,7,2,No,Yes,5,No
CUST100013,73,Female,UK,118746,372,Gold,499653,144825,76828,1,1,89119,7,4,No,No,1,No
CUST100014,56,Male,USA,140906,808,Silver,126311,38090,16089,1,0,37049,111,1,No,No,1,No
CUST100015,60,Female,Canada,27597,689,Silver,54409,321556,5581,1,1,27821,103,5,Yes,Yes,4,Yes
CUST100016,44,Male,Canada,67093,594,Gold,266231,253478,12907,0,0,95797,118,4,Yes,Yes,2,No
CUST100017,23,Female,USA,188298,668,Gold,432540,318174,6609,0,2,161017,27,2,Yes,Yes,3,No
CUST100018,42,Male,Canada,134650,848,Silver,421954,17509,52153,2,1,148456,8,4,Yes,Yes,1,Yes
CUST100019,73,Female,Australia,177489,867,Silver,306198,68653,51539,0,1,159482,73,3,Yes,Yes,4,No
CUST100020,22,Male,Australia,169765,486,Platinum,49709,168001,45143,0,0,77734,28,3,Yes,No,3,Yes
CUST100021,44,Male,Australia,140956,744,Silver,129321,391770,23936,1,3,194838,79,1,No,No,2,No
CUST100022,64,Male,India,135598,869,Silver,498859,266186,51182,3,2,138241,66,3,Yes,Yes,2,No
CUST100023,50,Female,USA,153241,662,Gold,20363,193646,14163,0,2,171201,71,2,Yes,No,2,Yes
CUST100024,58,Female,India,173124,422,Silver,292502,299345,60758,3,1,97445,47,1,Yes,Yes,1,No
CUST100025,22,Female,Canada,28036,487,Silver,416456,223354,47057,3,1,3830,82,2,No,No,4,No
CUST100026,41,Male,India,51778,719,Silver,485417,14016,13537,2,1,187378,86,2,Yes,Yes,1,No
CUST100027,53,Female,Canada,178806,551,Gold,65689,287166,23419,1,1,86940,114,3,Yes,Yes,1,No
CUST100028,32,Male,Canada,174245,848,Gold,284080,232034,43578,1,1,196339,10,3,Yes,Yes,5,Yes
CUST100029,42,Male,UK,181475,634,Gold,394416,27938,75991,2,0,158829,118,2,Yes,No,1,No
CUST100030,64,Male,Australia,157416,391,Platinum,111074,174750,75599,1,0,63867,114,3,Yes,Yes,0,No
CUST100031,45,Female,Canada,38800,829,Gold,195037,380315,1834,3,1,166722,33,3,No,Yes,1,No
CUST100032,69,Male,UK,45372,362,Silver,228606,260710,33214,1,0,164838,7,3,No,No,1,No
CUST100033,47,Female,Australia,81516,811,Silver,20882,232320,3413,1,0,32419,3,4,No,No,2,Yes
CUST100034,62,Female,Canada,40538,438,Gold,433440,323864,10505,1,0,16668,14,2,Yes,Yes,2,No
CUST100035,48,Male,Canada,83918,484,Gold,387371,367658,3105,3,2,147318,44,5,No,Yes,2,No
CUST100036,36,Male,India,166045,504,Gold,274822,187877,69104,2,3,24996,46,2,No,Yes,0,No
CUST100037,35,Male,India,91155,513,Gold,145865,133058,59408,0,1,51312,61,1,No,Yes,0,No
CUST100038,67,Male,Australia,79500,555,Silver,143745,76478,38679,3,1,134137,36,3,Yes,Yes,2,No
CUST100039,71,Male,Canada,187647,434,Silver,444041,127101,66131,2,2,10467,13,3,No,Yes,5,No
CUST100040,64,Male,USA,193333,872,Silver,483956,356843,65280,2,2,181718,16,5,Yes,Yes,4,No
CUST100041,72,Female,India,130659,387,Silver,48885,191996,16762,3,0,152079,80,1,No,Yes,2,No
CUST100042,23,Male,Australia,47716,506,Silver,191128,361417,59703,2,2,199151,118,4,Yes,Yes,4,No
CUST100043,57,Female,Canada,154308,428,Gold,416419,205380,64079,1,1,28702,5,2,Yes,Yes,2,No
CUST100044,71,Female,Canada,166920,302,Gold,211313,232200,22577,3,0,94369,116,4,No,Yes,2,No
CUST100045,27,Female,USA,22352,420,Silver,415460,63745,2214,3,0,75569,89,1,Yes,Yes,1,No
CUST100046,41,Female,Australia,153004,684,Silver,380466,132283,49114,1,0,53952,38,5,Yes,Yes,3,No
CUST100047,29,Female,Canada,96449,337,Silver,350763,393445,64230,3,1,189137,102,1,No,Yes,2,No
CUST100048,59,Male,India,28556,640,Silver,41584,381116,33980,2,2,34169,50,5,No,No,2,Yes
CUST100049,38,Male,USA,106836,320,Gold,290665,101489,68194,2,0,16829,38,4,Yes,Yes,3,No
CUST100050,24,Female,Australia,156570,541,Gold,201089,31819,78806,2,0,191207,103,4,No,Yes,1,No
CUST100051,45,Female,USA,70098,754,Gold,315685,47779,38792,2,1,4522,56,1,Yes,Yes,0,No
CUST100052,34,Male,India,132169,602,Gold,49063,213493,46807,4,0,85687,63,1,Yes,Yes,2,Yes
CUST100053,70,Male,Australia,160641,895,Gold,90268,354388,23301,1,2,166391,48,3,Yes,Yes,1,No
CUST100054,29,Male,USA,146060,894,Silver,276306,65584,6141,1,1,120334,105,5,Yes,No,4,No
CUST100055,46,Female,UK,150544,368,Silver,146218,146245,14777,1,2,157615,90,3,Yes,Yes,4,No
CUST100056,73,Male,India,20340,428,Silver,400350,248815,39346,2,1,118576,59,2,Yes,Yes,1,No
CUST100057,22,Male,India,195021,495,Platinum,478168,320176,55703,0,0,117419,77,2,No,Yes,3,No
CUST100058,40,Male,India,102302,439,Silver,244126,377218,48819,1,1,161545,44,1,Yes,No,2,Yes
CUST100059,48,Male,UK,20138,743,Silver,190635,361417,29469,0,0,7699,115,4,No,Yes,2,No
CUST100060,67,Female,UK,151430,582,Platinum,190824,290180,4845,4,0,68165,90,2,No,Yes,1,Yes
CUST100061,27,Male,Canada,139619,611,Platinum,246305,254957,24290,2,1,171527,55,2,Yes,Yes,1,No
CUST100062,64,Female,USA,105376,834,Gold,415783,71356,31699,4,1,75692,55,3,No,No,2,No
CUST100063,28,Male,Canada,119931,576,Silver,429337,145364,45252,2,0,17441,1,3,No,Yes,1,No
CUST100064,67,Female,USA,181726,360,Silver,414890,3052,4293,1,3,30716,8,2,Yes,Yes,2,No
CUST100065,55,Male,UK,176951,618,Silver,96411,306521,58089,1,0,62175,4,1,Yes,No,3,No
CUST100066,34,Male,UK,101532,351,Silver,129876,198910,17608,3,2,6834,85,3,No,No,2,No
CUST100067,37,Female,Canada,75778,452,Silver,479491,329963,67273,3,1,18179,86,2,No,Yes,1,No
CUST100068,56,Female,Australia,57772,610,Silver,218153,375833,17619,1,5,26219,115,4,No,No,2,Yes
CUST100069,70,Female,Canada,78478,843,Platinum,180212,146692,79006,0,1,103153,53,3,Yes,Yes,3,No
CUST100070,60,Female,USA,46762,866,Silver,160399,30461,15779,2,1,146854,58,2,Yes,Yes,1,No
CUST100071,24,Female,Canada,164355,688,Gold,483879,282894,52040,3,1,74967,37,5,Yes,Yes,2,No
CUST100072,22,Male,India,190492,847,Gold,43331,9472,57325,2,2,102454,49,3,Yes,Yes,0,No
CUST100073,26,Female,USA,75568,476,Silver,43004,331407,22630,0,1,9496,67,5,Yes,Yes,3,No
CUST100074,74,Male,USA,105090,661,Gold,258441,112036,13178,0,1,170310,19,3,Yes,Yes,1,No
CUST100075,62,Female,Australia,40219,613,Silver,401387,188674,20935,2,1,46025,1,3,Yes,No,3,No
CUST100076,24,Female,UK,77169,396,Silver,423708,287667,48258,0,0,59886,29,5,No,No,3,No
CUST100077,74,Female,USA,94965,512,Gold,468013,161838,23784,1,1,154635,87,1,Yes,Yes,2,No
CUST100078,49,Male,UK,197912,436,Silver,209167,365406,64722,1,1,3712,33,2,Yes,Yes,1,No
CUST100079,38,Male,Canada,195767,305,Platinum,426965,66060,24027,0,1,94067,119,1,No,Yes,2,No
CUST100080,46,Female,India,104754,408,Silver,345361,271223,58853,1,0,45489,52,1,No,Yes,2,No
CUST100081,64,Male,Australia,97988,846,Gold,109044,139471,68359,1,0,32664,41,2,Yes,Yes,3,No
CUST100082,54,Female,UK,170023,338,Silver,291189,322870,73388,2,1,143492,23,4,Yes,Yes,4,No
CUST100083,30,Female,USA,152379,724,Silver,302260,355050,79608,2,2,185682,5,1,No,Yes,2,No
CUST100084,56,Male,UK,100388,560,Silver,38667,278676,77669,0,0,5315,71,1,Yes,Yes,0,Yes
CUST100085,34,Female,USA,110768,725,Gold,357201,384833,16111,3,0,75033,57,1,No,No,4,No
CUST100086,51,Male,UK,55428,386,Gold,94205,43162,33312,0,0,117862,6,4,Yes,No,5,No
CUST100087,68,Female,USA,112021,764,Gold,47302,396965,25161,1,0,79030,49,3,Yes,Yes,5,No
CUST100088,35,Female,Canada,138418,375,Silver,424499,273497,68313,2,0,63910,22,5,Yes,Yes,2,No
CUST100089,28,Male,USA,190047,770,Gold,182007,112313,51374,3,1,192044,113,5,Yes,Yes,1,No
CUST100090,34,Male,USA,152212,713,Gold,92534,28477,25014,0,1,121075,77,4,Yes,Yes,3,No
CUST100091,43,Female,India,175914,756,Gold,245414,155642,47389,1,2,55919,76,1,Yes,Yes,1,No
CUST100092,60,Male,USA,46421,584,Silver,182696,86373,19161,1,0,135204,4,5,No,Yes,2,No
CUST100093,41,Female,India,21708,538,Gold,33440,169176,8490,1,0,127153,72,4,Yes,Yes,3,Yes
CUST100094,36,Male,Australia,154702,898,Gold,393145,194442,25502,1,0,41598,64,2,Yes,Yes,2,No
CUST100095,65,Male,India,170667,857,Silver,328645,4551,36757,1,0,151623,37,5,No,Yes,2,No
CUST100096,38,Male,Canada,96021,671,Gold,414485,68359,42111,1,1,68206,31,2,Yes,Yes,3,No
CUST100097,67,Male,India,179380,794,Gold,290012,143988,59645,3,0,74900,37,1,No,Yes,3,No
CUST100098,73,Male,Australia,64789,344,Silver,181323,126150,60055,0,2,26296,45,5,No,No,3,No
CUST100099,44,Female,Canada,46086,700,Silver,360053,172517,9998,2,1,149138,90,4,Yes,No,1,No
CUST100100,46,Male,UK,36859,546,Silver,104523,309780,29906,1,0,159964,107,3,Yes,Yes,2,No
CUST100101,45,Male,UK,27684,896,Gold,189801,291829,71192,1,1,75577,8,5,No,Yes,2,Yes
CUST100102,65,Male,India,111088,749,Gold,35734,313278,51477,3,1,77173,40,5,Yes,No,4,No
CUST100103,61,Male,India,152279,784,Silver,193501,351060,37901,2,1,64771,97,5,Yes,Yes,2,No
CUST100104,49,Male,Australia,66099,317,Gold,192409,107967,53021,0,1,158556,109,5,No,No,1,No
CUST100105,35,Female,Australia,86093,588,Platinum,453541,94455,30092,0,0,77865,93,4,No,Yes,2,No
CUST100106,65,Female,USA,180761,713,Silver,365744,258835,2242,0,2,99074,5,4,No,No,4,No
CUST100107,21,Male,Australia,68651,534,Platinum,475730,175405,2831,1,0,158187,28,3,Yes,No,2,No
CUST100108,45,Female,USA,33893,715,Platinum,290577,239646,51721,1,0,157110,117,4,Yes,Yes,3,No
CUST100109,27,Female,Canada,86418,798,Gold,160183,189937,29511,3,1,36622,104,4,Yes,Yes,2,No
CUST100110,29,Male,India,145074,414,Gold,123986,311900,73782,1,2,35886,81,1,Yes,Yes,0,No
CUST100111,44,Female,Canada,123065,533,Platinum,345897,385007,19302,1,1,182356,119,1,Yes,Yes,1,No
CUST100112,21,Female,Australia,150351,839,Gold,133783,61192,56568,2,1,140973,87,2,Yes,Yes,2,No
CUST100113,64,Male,Canada,58635,310,Silver,231655,191758,4232,2,2,56377,109,3,Yes,Yes,0,Yes
CUST100114,28,Male,Canada,115071,505,Gold,486836,310877,52507,1,1,82910,9,1,Yes,Yes,0,No
CUST100115,44,Female,Canada,98518,546,Gold,303895,235161,77508,3,2,180934,2,3,Yes,Yes,2,Yes
CUST100116,31,Female,Australia,126233,858,Gold,167525,288137,11683,0,0,118992,63,3,Yes,No,2,No
CUST100117,71,Male,Canada,123651,426,Silver,236916,161564,24664,2,0,163878,96,5,No,Yes,1,No
CUST100118,37,Female,USA,92805,446,Gold,452184,152053,34172,3,1,148731,51,3,Yes,Yes,0,No
CUST100119,28,Female,Australia,179136,417,Silver,181149,286287,65340,3,1,154525,116,5,No,Yes,2,No
CUST100120,55,Female,Canada,142813,681,Platinum,259654,191349,12017,2,1,161570,113,2,No,Yes,3,No
CUST100121,55,Female,Australia,99063,711,Silver,447991,107044,37613,2,0,16312,31,2,Yes,Yes,0,No
CUST100122,53,Female,UK,22454,883,Silver,209216,181062,77920,3,1,1436,7,2,Yes,No,2,Yes
CUST100123,25,Male,USA,40878,662,Silver,330714,128406,31348,1,0,27569,30,5,Yes,Yes,0,No
CUST100124,62,Male,Canada,164063,808,Silver,197169,69351,17448,0,0,189885,58,5,No,Yes,0,No
CUST100125,59,Female,UK,88344,436,Gold,306647,181071,10491,1,0,116787,3,2,Yes,Yes,3,No
CUST100126,61,Female,UK,124946,474,Platinum,153851,234085,79648,1,2,90485,51,5,No,Yes,2,No
CUST100127,48,Male,Australia,56593,588,Gold,368984,233883,59759,1,2,177058,115,4,No,No,3,No
CUST100128,27,Female,UK,56304,780,Silver,151827,70309,45553,3,2,102555,56,4,No,Yes,2,No
CUST100129,29,Female,USA,181458,318,Silver,321407,161805,1968,0,0,184249,73,5,Yes,Yes,1,No
CUST100130,28,Male,USA,133613,494,Gold,390635,119156,1368,2,0,140377,10,5,No,Yes,2,No
CUST100131,32,Female,India,172155,629,Platinum,337231,338144,74960,1,0,32646,61,1,No,No,1,Yes
CUST100132,54,Female,USA,38354,474,Silver,455497,21576,36010,2,1,76126,110,1,Yes,Yes,3,No
CUST100133,53,Female,UK,42190,748,Silver,71482,3320,55154,0,2,117922,50,3,Yes,No,2,No
CUST100134,68,Male,USA,26142,653,Silver,468073,141822,36851,0,1,40430,47,3,Yes,Yes,2,No
CUST100135,43,Male,Australia,179470,798,Platinum,142989,103002,26496,2,0,122238,90,3,Yes,Yes,3,No
CUST100136,44,Female,India,61862,440,Gold,430616,184535,31936,0,1,68659,1,2,No,Yes,1,Yes
CUST100137,57,Male,UK,170575,392,Silver,322259,26572,79858,2,0,115341,94,4,Yes,Yes,2,No
CUST100138,55,Male,India,145438,538,Silver,296393,280092,68005,1,2,4158,57,2,No,Yes,2,No
CUST100139,64,Male,UK,68456,504,Platinum,264255,116528,38493,2,2,74236,38,5,No,Yes,2,No
CUST100140,60,Male,Australia,120167,859,Silver,460041,169898,70795,2,0,76067,62,1,Yes,Yes,0,No
CUST100141,42,Male,India,102035,732,Silver,130361,89051,37390,1,1,158810,79,5,Yes,No,1,No
CUST100142,47,Male,Canada,28016,544,Gold,306744,290011,11292,2,0,9879,89,5,Yes,Yes,2,Yes
CUST100143,55,Male,UK,22384,616,Silver,319850,191303,29365,0,2,136615,70,1,No,Yes,1,No
CUST100144,21,Male,Canada,166144,594,Silver,301366,222428,18207,0,0,112284,82,5,Yes,Yes,2,No
CUST100145,55,Female,India,122239,581,Gold,381185,257412,23912,1,0,178996,65,3,Yes,Yes,1,No
CUST100146,57,Female,Canada,131431,316,Platinum,386648,203305,57572,2,1,173420,62,1,Yes,Yes,1,No
CUST100147,67,Male,Canada,100018,370,Gold,61139,306822,20276,1,2,84117,56,5,No,Yes,2,No
CUST100148,34,Female,India,60510,568,Platinum,134919,369705,6534,0,3,167751,67,3,No,Yes,0,No
CUST100149,23,Male,Australia,41826,624,Gold,267677,275107,36670,1,3,43888,17,3,Yes,Yes,2,No
CUST100150,21,Female,Canada,88026,604,Gold,323446,49434,63147,1,1,30276,112,4,Yes,Yes,4,No
CUST100151,25,Female,Canada,141668,750,Silver,245756,66617,37486,1,0,4799,8,3,No,No,0,No
CUST100152,46,Female,Australia,176590,306,Gold,369982,117569,66557,0,1,112529,60,2,Yes,Yes,1,No
CUST100153,34,Female,Canada,44045,613,Platinum,481375,207384,35268,0,1,124713,113,1,Yes,Yes,1,No
CUST100154,59,Female,Canada,110102,402,Silver,159718,359496,27336,1,2,90141,40,1,Yes,No,2,No
CUST100155,47,Female,Canada,71919,492,Silver,164615,341876,4641,1,0,191630,81,1,Yes,Yes,1,No
CUST100156,29,Male,USA,119441,873,Silver,245568,369792,33959,0,1,115013,89,5,Yes,Yes,1,No
CUST100157,35,Male,Australia,178175,828,Silver,173857,81494,14306,1,3,167606,62,5,Yes,Yes,1,No
CUST100158,35,Female,Canada,187260,470,Silver,360497,219977,47182,0,0,31668,41,2,Yes,No,1,No
CUST100159,46,Male,Australia,156917,836,Gold,444622,77225,75123,1,1,135183,12,3,Yes,No,4,No
CUST100160,62,Female,UK,187746,550,Platinum,371136,82867,57326,2,0,155758,93,5,Yes,Yes,1,No
CUST100161,33,Male,UK,138325,686,Silver,333572,168600,22498,1,1,72392,89,3,Yes,Yes,2,No
CUST100162,71,Male,Canada,39337,506,Silver,43777,255669,71198,2,0,16490,115,3,Yes,Yes,2,No
CUST100163,52,Male,Australia,173385,840,Silver,77939,341116,28197,4,1,166266,100,5,Yes,Yes,1,No
CUST100164,59,Male,Australia,178015,715,Platinum,466242,358405,21719,1,2,145569,117,5,No,Yes,2,No
CUST100165,69,Female,Australia,97949,679,Silver,368594,90748,26032,1,2,184588,54,2,Yes,No,1,No
CUST100166,72,Male,USA,20276,443,Silver,442769,254265,60624,2,0,117219,89,4,No,Yes,3,No
CUST100167,52,Male,UK,71151,324,Silver,43548,164404,79177,2,2,44104,93,1,Yes,Yes,3,Yes
CUST100168,24,Male,Australia,168683,372,Silver,476437,386625,42964,1,3,5316,11,5,Yes,No,2,Yes
CUST100169,50,Male,Australia,163016,392,Silver,450481,129529,31028,1,0,38130,60,5,Yes,Yes,1,No
CUST100170,57,Female,USA,72887,804,Platinum,145549,264395,55646,2,1,107294,68,3,Yes,Yes,3,No
CUST100171,43,Male,USA,101442,897,Gold,453917,361252,9536,2,3,29954,78,4,No,Yes,6,No
CUST100172,59,Female,Australia,69847,635,Gold,464503,158099,57747,2,1,113437,46,5,Yes,Yes,2,No
CUST100173,65,Female,India,78653,724,Silver,157799,97382,46712,0,0,152724,38,4,Yes,Yes,1,No
CUST100174,35,Female,Australia,76622,798,Gold,261532,9583,7273,1,2,145250,61,1,No,Yes,3,No
CUST100175,63,Female,Australia,47810,663,Gold,201789,50387,72820,2,0,182235,17,3,Yes,Yes,2,No
CUST100176,49,Female,USA,97842,498,Silver,445643,285248,75353,3,2,145823,66,2,Yes,No,1,No
CUST100177,56,Female,USA,142225,712,Gold,167764,12224,51830,1,2,197033,72,1,Yes,Yes,2,No
CUST100178,33,Male,Australia,30503,638,Silver,51625,322768,18127,2,1,134116,36,4,Yes,Yes,1,No
CUST100179,52,Male,Australia,104761,728,Gold,307062,366464,12539,0,0,63165,74,4,Yes,Yes,2,Yes
CUST100180,27,Male,Australia,188048,438,Silver,454352,227444,47761,1,1,142552,7,1,Yes,Yes,3,No
CUST100181,71,Male,USA,146439,841,Platinum,396970,340716,47219,3,0,196511,100,4,Yes,Yes,1,No
CUST100182,42,Female,Australia,31590,356,Silver,134881,347613,15692,0,1,174946,16,2,Yes,No,1,Yes
CUST100183,48,Female,Australia,161958,531,Gold,465625,340072,14334,2,4,66775,14,2,No,No,5,Yes
CUST100184,22,Male,Canada,163938,734,Gold,297721,266285,29615,1,1,137638,80,4,No,Yes,1,No
CUST100185,62,Male,India,86624,683,Gold,367299,154422,8903,3,1,85311,25,4,No,No,1,No
CUST100186,65,Male,UK,183864,859,Silver,131776,333015,29527,0,0,53149,105,2,No,Yes,1,No
CUST100187,73,Female,India,160836,493,Silver,381390,136149,16629,2,1,134078,4,4,No,Yes,0,No
CUST100188,26,Female,Canada,140356,833,Gold,253996,46015,59008,1,2,72561,29,5,No,Yes,2,No
CUST100189,48,Male,UK,62727,817,Silver,277831,171929,27708,0,2,150495,56,3,Yes,No,5,No
CUST100190,48,Female,Australia,98471,484,Silver,232803,232268,11860,1,0,90710,6,5,Yes,Yes,1,Yes
CUST100191,64,Female,Canada,28068,591,Gold,178761,190912,18438,2,1,92199,1,4,Yes,Yes,2,Yes
CUST100192,64,Male,Australia,136923,634,Gold,162226,322046,68300,2,0,165024,39,4,Yes,No,4,No
CUST100193,40,Female,USA,158367,415,Silver,377092,5577,72545,1,3,27326,1,3,No,Yes,3,No
CUST100194,50,Female,Canada,192232,348,Silver,41341,282146,21842,0,1,117272,115,4,Yes,Yes,2,No
CUST100195,31,Male,USA,31390,381,Silver,379698,50711,61213,0,1,31139,104,3,Yes,Yes,0,No
CUST100196,48,Male,Canada,126752,632,Gold,225753,39451,43372,1,1,193175,63,2,Yes,Yes,3,No
CUST100197,45,Male,Canada,171203,856,Gold,389942,180175,69906,3,0,191929,57,3,Yes,Yes,3,No
CUST100198,59,Male,USA,114754,634,Gold,328474,34831,39744,1,1,73638,67,3,Yes,Yes,0,No
CUST100199,53,Female,UK,95969,831,Platinum,269141,249402,58442,0,0,72652,65,5,Yes,No,1,No
CUST100200,21,Female,India,166110,520,Silver,369903,231376,4650,0,1,12937,65,4,Yes,Yes,2,No
CUST100201,47,Male,Australia,97064,622,Silver,219488,358642,46117,2,0,30161,103,2,Yes,Yes,6,No
CUST100202,72,Male,Canada,41281,302,Silver,276139,391093,53772,0,1,135455,21,1,Yes,Yes,2,No
CUST100203,33,Male,Australia,74189,505,Silver,368951,244942,4190,1,1,85856,109,3,Yes,No,1,No
CUST100204,61,Male,USA,68511,339,Platinum,315457,95119,49113,4,1,70043,30,1,No,No,3,No
CUST100205,23,Female,Australia,142115,358,Gold,329044,328974,9789,2,1,145807,96,4,Yes,Yes,1,Yes
CUST100206,59,Male,USA,28605,873,Silver,98840,342776,33125,0,3,59919,33,3,Yes,Yes,5,No
CUST100207,26,Male,Australia,120318,806,Silver,185767,298977,18459,2,0,82055,48,1,No,No,1,No
CUST100208,28,Male,India,152453,871,Gold,181297,243466,36418,2,1,198633,22,5,Yes,No,3,Yes
CUST100209,47,Female,India,39810,421,Gold,368216,223936,48085,4,3,85455,94,1,Yes,Yes,2,No
CUST100210,29,Male,India,175394,778,Silver,378511,286542,19768,1,3,168694,54,5,Yes,Yes,2,No
CUST100211,57,Female,India,61869,395,Platinum,69156,61554,50961,1,0,38135,110,2,No,Yes,3,Yes
CUST100212,53,Male,India,52955,713,Gold,228281,50755,28885,0,1,166730,4,4,Yes,Yes,2,No
CUST100213,71,Female,India,81388,534,Silver,107453,153412,62082,1,2,84677,87,1,Yes,No,1,Yes
CUST100214,62,Female,USA,30207,361,Platinum,178901,327138,7895,0,1,29696,55,3,No,Yes,2,No
CUST100215,64,Male,Canada,179292,555,Silver,494124,63884,51311,4,0,134845,44,4,Yes,Yes,0,No
CUST100216,44,Male,Australia,42031,860,Platinum,45938,346505,68067,1,0,24956,89,1,No,Yes,2,No
CUST100217,35,Female,India,100807,647,Platinum,79164,17482,72017,0,0,15819,12,3,Yes,Yes,3,No
CUST100218,74,Female,USA,91312,423,Gold,467746,54225,24932,2,1,1528,81,3,Yes,Yes,1,No
CUST100219,52,Male,USA,79766,781,Gold,219271,189921,22360,2,1,127781,117,3,No,Yes,0,No
CUST100220,52,Male,USA,163521,616,Silver,80282,74854,55847,0,1,86491,79,3,Yes,Yes,2,No
CUST100221,44,Female,Canada,109833,803,Platinum,329945,41256,39931,3,0,44588,74,1,No,Yes,2,No
CUST100222,61,Female,Australia,131041,347,Gold,422681,240617,56823,1,0,99152,99,2,No,Yes,2,No
CUST100223,72,Male,Canada,136185,708,Gold,285470,108721,39032,0,1,127872,119,5,Yes,No,1,No
CUST100224,69,Female,UK,197164,435,Platinum,416875,81110,19807,2,2,151583,116,5,No,No,0,Yes
CUST100225,69,Male,USA,30350,500,Platinum,473505,113606,12767,0,1,10119,52,5,Yes,Yes,3,No
CUST100226,72,Female,UK,120859,549,Gold,178666,14650,9071,2,3,75893,93,2,No,No,1,No
CUST100227,32,Male,India,88487,613,Silver,135819,177190,54413,1,1,16167,76,3,Yes,Yes,0,No
CUST100228,59,Male,India,168694,667,Platinum,286907,28930,27149,1,0,187575,65,3,Yes,Yes,2,No
CUST100229,22,Male,Canada,143853,728,Gold,161900,216779,16540,0,0,110782,65,4,Yes,No,3,Yes
CUST100230,23,Female,Australia,73117,779,Platinum,329732,260102,71248,1,0,130775,10,5,Yes,Yes,1,No
CUST100231,69,Male,UK,121084,613,Gold,293365,362544,20787,2,0,34889,18,5,Yes,Yes,5,Yes
CUST100232,57,Male,Australia,43782,799,Silver,424427,273945,21982,1,1,45678,47,3,No,No,1,No
CUST100233,69,Male,Canada,48454,654,Silver,33569,51360,23606,4,3,60262,66,5,No,No,0,No
CUST100234,37,Male,India,87904,784,Gold,247966,350052,11150,0,0,135753,49,3,Yes,Yes,3,Yes
CUST100235,69,Female,Australia,149936,510,Gold,57860,147631,47936,3,1,80291,72,3,Yes,No,0,No
CUST100236,22,Male,Australia,166664,343,Silver,222630,294478,9593,3,0,66008,22,3,No,Yes,2,No
CUST100237,22,Female,India,173245,840,Gold,327481,236545,18358,1,0,144762,86,1,Yes,Yes,0,No
CUST100238,48,Female,UK,184276,870,Silver,465527,13288,38381,2,0,25912,26,1,Yes,Yes,4,No
CUST100239,74,Male,India,186668,882,Gold,164587,153470,29074,1,1,6473,90,1,Yes,Yes,1,No
CUST100240,43,Male,Australia,185396,391,Silver,91695,207302,21595,0,1,172370,9,1,Yes,Yes,3,Yes
CUST100241,57,Male,UK,142258,564,Silver,273078,274335,45194,0,1,149741,21,2,Yes,Yes,0,No
CUST100242,52,Male,UK,131668,519,Silver,262599,280195,50377,1,0,99500,95,4,No,Yes,1,Yes
CUST100243,53,Male,India,144184,741,Silver,388893,61715,27853,1,0,152015,116,4,Yes,Yes,2,No
CUST100244,21,Male,Australia,181822,700,Silver,175976,10737,74719,0,3,38785,63,3,Yes,Yes,2,No
CUST100245,39,Female,Canada,36566,699,Silver,211007,65140,21661,2,1,100956,107,5,No,Yes,2,No
CUST100246,22,Male,Australia,158262,875,Silver,325934,156323,51493,1,1,194499,6,1,Yes,No,0,Yes
CUST100247,73,Male,USA,58333,789,Platinum,350724,182047,37495,0,1,193073,14,4,Yes,Yes,1,No
CUST100248,64,Female,Canada,141929,784,Platinum,488364,267291,14703,0,1,192796,33,4,Yes,Yes,4,No
CUST100249,46,Male,UK,109571,769,Silver,25636,50508,54080,0,1,119006,71,1,Yes,Yes,1,No
CUST100250,52,Female,Canada,140263,873,Platinum,281578,314368,31815,4,0,10832,24,2,Yes,No,2,Yes
CUST100251,26,Female,UK,152661,744,Silver,359273,281787,30565,2,2,136457,73,2,Yes,Yes,5,Yes
CUST100252,52,Male,UK,45235,568,Gold,416108,301111,64321,3,1,145780,75,4,Yes,Yes,2,No
CUST100253,24,Female,Canada,20159,566,Gold,303816,103535,59453,1,3,189672,87,2,Yes,Yes,5,No
CUST100254,31,Male,UK,163217,353,Silver,287956,302877,34161,2,0,154510,112,1,Yes,Yes,4,No
CUST100255,37,Male,UK,182993,827,Silver,247693,296952,56991,3,1,82747,51,4,No,Yes,3,No
CUST100256,58,Male,USA,124859,819,Silver,20654,198360,10716,3,3,80107,2,1,Yes,Yes,2,No
CUST100257,44,Male,Australia,167309,358,Silver,74633,58959,34349,0,0,191134,15,2,Yes,No,1,No
CUST100258,25,Female,Australia,127507,339,Gold,37143,395065,48098,0,0,65428,35,1,No,Yes,1,No
CUST100259,72,Male,USA,159316,536,Silver,75934,330322,1132,3,1,86843,36,2,Yes,No,3,Yes
CUST100260,54,Male,Canada,34743,685,Silver,349478,198208,52990,0,0,11002,116,2,Yes,No,3,No
CUST100261,26,Male,India,66101,599,Silver,123463,191812,69921,2,2,167225,118,1,Yes,No,1,No
CUST100262,42,Female,India,141534,694,Silver,145851,112255,37538,2,3,153512,92,2,No,No,4,No
CUST100263,31,Male,India,104227,506,Gold,49087,86322,8213,2,0,67501,39,3,Yes,No,2,No
CUST100264,68,Female,USA,91126,635,Silver,162690,306709,45223,3,1,32556,108,1,Yes,Yes,5,Yes
CUST100265,36,Male,USA,76071,892,Platinum,290590,1132,69371,1,0,67963,4,3,Yes,Yes,6,No
CUST100266,53,Female,UK,94763,813,Silver,384271,169331,69274,3,1,6563,64,1,Yes,Yes,1,No
CUST100267,29,Female,India,163309,477,Silver,331011,227684,5134,0,1,5840,74,2,No,No,2,No
CUST100268,26,Female,Canada,166721,695,Gold,464244,325812,40601,0,3,15154,6,2,Yes,Yes,1,No
CUST100269,36,Female,Canada,188785,670,Silver,342245,259427,74889,3,2,24194,57,4,Yes,Yes,2,No
CUST100270,49,Male,India,196481,617,Gold,178272,108835,16690,0,1,196092,30,4,No,Yes,2,No
CUST100271,23,Female,India,199838,668,Gold,246179,142003,2909,1,0,177933,118,3,Yes,No,0,No
CUST100272,40,Male,India,66154,683,Silver,370218,258228,13062,1,0,153520,110,2,Yes,No,2,No
CUST100273,56,Male,USA,27016,361,Silver,212537,73169,76386,1,0,23528,99,4,Yes,Yes,0,No
CUST100274,39,Male,USA,199760,804,Silver,237508,260529,35731,3,0,160474,113,2,No,Yes,5,Yes
CUST100275,46,Female,USA,109678,538,Silver,138422,253608,6153,1,0,4352,107,1,No,Yes,2,Yes
CUST100276,23,Male,Australia,132056,494,Silver,370036,234385,11481,2,0,184,74,4,No,Yes,0,No
CUST100277,39,Female,Canada,74238,521,Silver,239631,189973,67425,0,1,141456,117,3,Yes,Yes,1,No
CUST100278,40,Female,Canada,78608,360,Silver,402188,100417,64600,2,1,14319,96,4,Yes,Yes,3,No
CUST100279,52,Female,UK,109081,428,Gold,59148,1044,72997,1,3,120497,106,2,Yes,No,3,No
CUST100280,27,Female,USA,182969,455,Gold,365072,177763,29205,0,0,151521,106,5,No,Yes,2,No
CUST100281,72,Female,Australia,70961,677,Gold,171770,231807,45149,1,4,56333,67,5,Yes,Yes,3,No
CUST100282,61,Female,Australia,195829,885,Silver,455686,24363,50112,2,1,41205,90,2,Yes,Yes,3,No
CUST100283,53,Female,Canada,46917,736,Silver,333804,308838,11940,1,1,10426,15,1,No,Yes,1,No
CUST100284,60,Female,USA,173808,506,Platinum,467126,394798,60010,1,1,7504,17,4,Yes,Yes,0,No
CUST100285,59,Female,UK,47990,687,Gold,317594,283445,77794,1,0,187650,91,5,Yes,Yes,2,No
CUST100286,38,Female,USA,82551,779,Platinum,207535,336473,25485,2,2,189281,18,1,No,No,3,No
CUST100287,60,Male,India,173512,639,Silver,315901,1620,2067,2,0,116775,115,2,Yes,Yes,0,No
CUST100288,21,Male,USA,186277,639,Gold,98012,324368,21607,0,0,33368,19,1,Yes,Yes,3,No
CUST100289,31,Male,India,100811,503,Gold,388894,95419,62597,1,3,103841,76,2,Yes,No,1,No
CUST100290,48,Male,India,75103,460,Silver,409187,168606,75554,1,2,183257,88,4,Yes,No,2,No
CUST100291,45,Female,UK,192699,839,Silver,483463,382194,49521,1,1,116744,69,1,Yes,Yes,0,No
CUST100292,70,Female,Canada,126122,691,Gold,485231,202701,16187,2,2,8724,24,4,Yes,Yes,2,No
CUST100293,43,Female,USA,39008,874,Silver,444606,318000,4985,1,0,136156,91,1,Yes,No,3,No
CUST100294,51,Male,India,52402,833,Silver,76116,180324,44052,2,0,165882,48,2,No,No,2,Yes
CUST100295,50,Female,USA,156865,369,Gold,164233,317953,20563,1,1,82297,30,2,Yes,No,0,Yes
CUST100296,62,Female,Canada,156643,704,Platinum,52152,22259,48322,1,0,125099,15,1,Yes,Yes,1,No
CUST100297,55,Female,Canada,167281,890,Silver,493387,20655,62245,3,2,78872,47,2,Yes,Yes,2,No
CUST100298,27,Female,Australia,133550,816,Silver,126379,21602,52514,1,3,151944,102,3,No,Yes,0,No
CUST100299,36,Female,Canada,194220,419,Silver,246905,348089,19608,0,1,70333,44,3,Yes,Yes,3,Yes
CUST100300,46,Male,UK,111218,516,Gold,40836,142182,68262,3,1,199915,98,4,No,No,0,Yes
CUST100301,68,Female,India,153296,355,Silver,241439,399289,72327,1,0,2596,27,3,No,No,1,No
CUST100302,72,Male,Australia,199767,665,Platinum,479759,362990,58225,1,1,17167,84,3,No,Yes,3,No
CUST100303,69,Male,UK,140779,803,Silver,206720,342962,74994,2,2,87844,64,5,No,Yes,2,No
CUST100304,22,Female,USA,149714,754,Silver,177403,1537,18221,1,1,89751,41,5,Yes,Yes,1,No
CUST100305,21,Male,India,52441,403,Gold,161835,256210,49506,2,0,129817,96,5,No,Yes,1,No
CUST100306,68,Female,Canada,190201,376,Gold,351588,177274,21968,2,2,80520,68,5,No,Yes,0,No
CUST100307,32,Male,India,82368,529,Silver,113109,171236,28937,0,1,58326,5,2,No,Yes,3,No
CUST100308,25,Female,USA,112122,557,Silver,170259,388689,63435,1,0,77670,53,4,Yes,Yes,2,No
CUST100309,57,Male,Australia,64760,563,Platinum,163029,89743,50508,1,0,141854,8,4,Yes,Yes,1,No
CUST100310,52,Female,Australia,43478,630,Silver,417595,86155,42831,0,1,173074,22,3,Yes,Yes,3,No
CUST100311,29,Female,Australia,147881,481,Platinum,441175,382342,43933,0,1,24022,106,4,Yes,No,1,No
CUST100312,61,Male,Canada,91854,849,Silver,102018,89846,48307,2,2,84458,7,3,No,Yes,1,Yes
CUST100313,55,Female,UK,114230,326,Gold,143076,234507,49340,0,0,145690,22,4,No,No,2,Yes
CUST100314,39,Female,UK,105716,575,Gold,178177,292706,44601,2,3,148317,46,1,Yes,Yes,6,No
CUST100315,68,Male,India,163252,598,Silver,414093,290180,76956,0,1,83796,30,1,No,Yes,1,No
CUST100316,36,Male,Canada,118538,390,Platinum,199425,191824,73178,0,0,141099,101,4,Yes,Yes,2,No
CUST100317,23,Male,Australia,35372,779,Silver,365932,336377,29754,0,1,145058,16,2,Yes,No,4,No
CUST100318,40,Male,Australia,49796,872,Silver,379014,83049,44310,0,0,110704,79,3,Yes,Yes,3,No
CUST100319,44,Female,USA,118826,757,Gold,235657,239647,70893,1,0,134598,5,4,Yes,Yes,3,No
CUST100320,74,Female,USA,140592,750,Silver,365452,330825,49367,1,0,44361,67,3,No,Yes,0,Yes
CUST100321,53,Male,Australia,113635,664,Gold,464783,289962,14201,3,1,198230,23,5,Yes,Yes,3,No
CUST100322,44,Male,Australia,131022,650,Silver,340057,324676,3739,1,0,38286,61,4,Yes,Yes,0,No
CUST100323,72,Female,Canada,74040,699,Silver,22637,319849,14231,4,0,29533,74,2,Yes,Yes,1,Yes
CUST100324,31,Male,UK,95357,552,Silver,485994,20104,43495,1,0,149388,5,5,Yes,Yes,2,No
CUST100325,69,Male,USA,98356,758,Silver,324169,386480,22168,0,1,139771,23,4,No,Yes,3,No
CUST100326,28,Female,UK,36211,798,Silver,257989,127904,33624,1,1,127441,79,1,Yes,Yes,3,No
CUST100327,56,Female,Canada,125426,807,Gold,252259,331747,11635,1,0,97079,82,4,Yes,Yes,1,No
CUST100328,58,Female,Australia,25842,603,Platinum,381652,102499,10964,2,2,100960,25,1,No,No,2,No
CUST100329,60,Female,UK,86852,800,Gold,102464,321169,28785,2,2,58465,8,1,Yes,Yes,6,No
CUST100330,40,Male,Australia,145737,897,Silver,310886,227336,77928,1,3,147745,95,4,No,No,0,No
CUST100331,55,Female,Australia,65968,465,Silver,31831,294461,13336,3,1,23395,21,4,Yes,Yes,1,No
CUST100332,68,Male,India,37508,714,Silver,133768,173084,78475,1,0,104162,2,1,Yes,No,0,Yes
CUST100333,45,Male,UK,173077,761,Silver,266983,367729,28412,0,0,130704,22,3,No,Yes,5,Yes
CUST100334,55,Male,UK,74575,413,Gold,367236,152472,76379,1,0,154779,72,5,No,Yes,2,No
CUST100335,45,Male,Australia,170043,732,Silver,373023,310414,46591,2,2,75937,87,2,Yes,No,2,No
CUST100336,49,Female,Canada,176671,655,Silver,370514,203141,62750,1,0,129647,96,4,Yes,No,1,No
CUST100337,38,Male,India,86914,506,Platinum,408681,119415,36454,1,2,120650,72,5,No,No,0,No
CUST100338,66,Male,Australia,87055,534,Silver,459978,194716,63672,0,3,130744,68,5,Yes,No,3,No
CUST100339,38,Male,USA,107697,741,Silver,124824,80206,28228,0,1,187488,64,3,Yes,Yes,3,No
CUST100340,22,Male,USA,126239,654,Silver,108741,331612,15429,0,1,91512,94,5,Yes,Yes,2,No
CUST100341,74,Female,India,143106,814,Silver,38830,190545,68808,0,0,139830,19,4,Yes,Yes,2,Yes
CUST100342,55,Male,Canada,25355,507,Platinum,337188,23723,54015,1,0,67009,87,5,Yes,No,4,No
CUST100343,36,Female,Australia,74120,424,Silver,356092,322790,69936,1,1,144353,82,4,No,Yes,2,No
CUST100344,61,Male,UK,58342,437,Silver,89202,197327,58378,1,0,32548,53,4,Yes,No,2,No
CUST100345,56,Female,India,22257,638,Silver,319189,74,38310,0,0,18371,93,1,No,Yes,2,No
CUST100346,53,Female,Canada,47364,836,Silver,237394,255245,69827,1,3,105977,87,3,Yes,Yes,1,No
CUST100347,24,Male,UK,176044,367,Silver,222123,288642,36256,4,1,150716,97,2,Yes,Yes,0,Yes
CUST100348,53,Female,USA,131715,872,Gold,389653,196594,77428,2,1,154946,52,1,Yes,Yes,1,No
CUST100349,34,Male,USA,46654,840,Gold,177699,96881,39889,0,1,14281,47,2,Yes,Yes,3,No
CUST100350,41,Male,UK,101423,682,Gold,297342,45929,52428,2,1,199859,82,4,Yes,Yes,3,No
CUST100351,68,Female,India,49320,318,Silver,351665,123199,38207,0,1,153361,54,1,Yes,No,4,Yes
CUST100352,40,Male,USA,40808,749,Gold,126471,231525,51255,1,1,136126,44,5,No,Yes,3,Yes
CUST100353,28,Male,Australia,72389,373,Gold,311619,288172,6409,1,0,100020,97,5,Yes,Yes,1,No
CUST100354,27,Female,UK,138581,872,Silver,256824,29545,43438,1,0,107508,7,2,Yes,No,2,No
CUST100355,23,Male,UK,147927,575,Gold,39403,79569,8869,2,1,66846,115,4,No,Yes,3,No
CUST100356,37,Female,USA,54773,347,Silver,23681,31673,57862,3,2,94682,92,2,No,Yes,1,No
CUST100357,53,Male,India,178819,510,Silver,373699,364655,26958,2,1,180841,1,3,Yes,Yes,0,No
CUST100358,68,Female,Australia,96396,839,Gold,401028,355288,77302,0,1,29312,63,5,Yes,Yes,3,Yes
CUST100359,32,Female,India,127692,490,Silver,375266,326968,20768,1,2,114186,103,1,No,Yes,1,No
CUST100360,71,Female,Canada,77505,614,Gold,135260,23525,27145,0,0,4257,98,1,No,No,1,No
CUST100361,42,Female,Canada,105896,862,Silver,193364,57804,76622,1,0,146918,39,1,Yes,Yes,1,No
CUST100362,42,Male,USA,38135,861,Platinum,125386,146115,27442,2,1,153555,19,5,Yes,Yes,0,Yes
CUST100363,66,Female,USA,110887,412,Platinum,253378,41846,26596,2,0,26558,31,4,No,Yes,1,No
CUST100364,50,Male,USA,142118,469,Platinum,418845,77261,76791,0,1,43188,77,5,No,Yes,2,No
CUST100365,58,Male,Canada,67377,767,Silver,113246,233312,43406,0,3,144084,24,5,No,Yes,4,No
CUST100366,58,Male,India,174626,313,Silver,115864,184100,41524,1,0,33236,69,1,Yes,Yes,1,Yes
CUST100367,65,Male,India,82491,587,Silver,228886,291627,24332,0,1,45076,87,5,Yes,Yes,2,Yes
CUST100368,71,Male,USA,78283,488,Silver,290561,7265,16764,0,0,48402,83,1,Yes,No,2,No
CUST100369,74,Female,Australia,36923,454,Silver,401032,284907,28563,2,0,94467,65,4,Yes,Yes,0,No
CUST100370,28,Female,India,67591,866,Gold,185837,206724,37370,0,0,163148,33,3,Yes,Yes,1,No
CUST100371,47,Female,Canada,82261,770,Gold,356643,15733,6062,0,0,80337,59,1,Yes,Yes,0,No
CUST100372,47,Male,UK,74336,374,Platinum,413052,374340,45645,2,1,115827,114,2,Yes,Yes,3,Yes
CUST100373,54,Female,UK,94083,576,Silver,265160,91038,8244,2,0,74264,33,3,Yes,No,5,No
CUST100374,41,Male,UK,80948,642,Silver,207646,299564,7372,3,2,17335,32,4,No,Yes,3,No
CUST100375,50,Male,Australia,184074,724,Silver,279278,140319,65471,1,0,43773,59,3,No,Yes,0,No
CUST100376,53,Male,USA,46672,870,Platinum,309819,21058,17956,2,3,183230,92,1,No,Yes,0,No
CUST100377,48,Male,Canada,24213,810,Gold,276681,246301,41473,1,0,28570,101,4,No,Yes,1,Yes
CUST100378,67,Female,Australia,161365,481,Gold,485483,297073,14894,2,1,87995,41,2,Yes,Yes,1,No
CUST100379,53,Female,Canada,82507,757,Platinum,191635,162434,70586,1,3,40658,12,1,Yes,Yes,1,Yes
CUST100380,25,Male,Canada,77134,363,Gold,31332,86489,17709,3,0,190256,73,1,Yes,No,1,Yes
CUST100381,68,Male,USA,153172,559,Silver,274817,84664,16210,1,2,120640,114,4,Yes,Yes,3,No
CUST100382,39,Male,UK,48172,492,Silver,301321,178428,50510,1,0,72613,119,4,No,Yes,1,No
CUST100383,24,Male,USA,40132,705,Gold,412704,77597,39674,4,0,58194,11,3,Yes,No,1,Yes
CUST100384,55,Female,Australia,38199,392,Silver,240326,268185,18733,0,1,198579,97,2,Yes,Yes,2,No
CUST100385,69,Male,Australia,56609,729,Silver,219519,78209,21080,2,2,111872,19,3,Yes,Yes,2,No
CUST100386,37,Male,Australia,194037,733,Platinum,281849,258109,54412,2,2,165031,54,3,Yes,Yes,2,Yes
CUST100387,64,Male,USA,159088,703,Platinum,339248,192941,59971,1,1,184144,57,1,Yes,Yes,3,No
CUST100388,48,Female,Canada,190851,733,Gold,366479,152131,40709,4,1,176660,42,4,Yes,No,1,No
CUST100389,50,Female,Canada,51881,411,Gold,397082,99864,60846,2,1,171605,98,1,Yes,Yes,0,No
CUST100390,49,Female,India,44472,674,Gold,100730,148620,66480,4,0,108558,71,2,Yes,No,3,No
CUST100391,66,Female,Australia,187093,358,Silver,418167,398635,53960,0,1,68582,31,3,No,Yes,4,No
CUST100392,73,Male,Canada,74131,342,Silver,257474,166562,42152,1,2,192815,52,2,Yes,Yes,4,No
CUST100393,26,Male,India,175159,506,Gold,310477,207158,28250,3,1,175590,2,4,Yes,Yes,1,Yes
CUST100394,55,Female,Canada,32828,595,Gold,303817,115158,49137,3,0,143775,83,4,Yes,Yes,5,No
CUST100395,61,Female,Australia,116664,417,Silver,396565,1468,47412,1,2,49456,38,5,Yes,Yes,1,No
CUST100396,57,Female,UK,152473,831,Platinum,60870,286453,44876,0,1,55491,32,2,Yes,Yes,2,No
CUST100397,44,Female,Australia,35193,521,Silver,273017,72255,74664,1,1,8043,10,1,Yes,Yes,5,No
CUST100398,49,Female,USA,195936,465,Silver,147536,258078,51227,2,2,103212,105,2,No,No,3,No
CUST100399,69,Female,Canada,171379,455,Gold,353245,344043,33450,2,2,68340,8,3,No,Yes,5,Yes
CUST100400,66,Female,Canada,122518,483,Silver,304965,28718,74704,2,1,141248,90,4,Yes,Yes,2,No
CUST100401,73,Female,USA,39611,389,Silver,45494,225409,7861,1,0,135008,94,4,Yes,No,4,Yes
CUST100402,51,Female,USA,194863,393,Silver,119477,239967,62914,1,1,31174,75,2,Yes,Yes,3,No
CUST100403,55,Female,UK,163022,312,Gold,408227,168913,64888,3,2,82632,105,2,Yes,Yes,3,No
CUST100404,53,Male,Canada,96240,737,Silver,225232,214637,62293,3,2,88768,20,2,Yes,Yes,1,No
CUST100405,72,Female,Canada,22745,837,Gold,394842,368697,69515,2,1,125775,20,3,Yes,Yes,1,No
CUST100406,41,Male,UK,75243,886,Gold,393704,312425,24524,3,1,108177,9,3,Yes,Yes,0,No
CUST100407,52,Female,India,23866,449,Silver,414051,375595,8065,2,1,25909,72,1,No,Yes,2,Yes
CUST100408,43,Female,UK,183317,307,Platinum,300790,247113,38684,2,1,44158,15,2,No,No,1,No
CUST100409,53,Female,Australia,195796,328,Silver,143777,262911,34365,1,0,139438,98,1,No,Yes,1,No
CUST100410,23,Male,Canada,148681,595,Platinum,97360,397111,59876,0,1,185409,88,5,Yes,Yes,3,No
CUST100411,38,Male,USA,91354,639,Gold,319479,58026,24704,1,1,124296,97,3,Yes,Yes,1,No
CUST100412,45,Male,Australia,71374,738,Platinum,351495,380286,58857,2,1,59331,105,4,Yes,Yes,3,Yes
CUST100413,62,Female,Canada,134397,443,Silver,397078,42968,6622,3,0,193269,105,5,Yes,No,2,No
CUST100414,51,Male,UK,144577,818,Silver,153501,171169,67201,2,1,181996,109,4,Yes,Yes,3,No
CUST100415,74,Male,Australia,181188,344,Silver,324094,145693,33694,1,2,159914,63,5,Yes,Yes,2,No
CUST100416,23,Male,Canada,101029,538,Silver,80654,76870,23995,1,0,148530,104,1,Yes,Yes,2,No
CUST100417,60,Female,India,113574,454,Gold,389566,18174,9419,0,3,87367,91,1,No,Yes,3,No
CUST100418,66,Female,India,171519,480,Silver,392078,386501,48952,0,1,65382,21,3,No,Yes,2,No
CUST100419,44,Male,USA,50431,514,Gold,139975,361333,34837,3,2,74319,5,4,Yes,Yes,1,Yes
CUST100420,70,Male,Canada,168980,387,Silver,219215,40502,71799,1,1,11170,35,5,Yes,Yes,2,No
CUST100421,52,Male,India,49336,555,Silver,373330,298818,49877,2,1,119952,85,2,Yes,Yes,2,Yes
CUST100422,67,Female,UK,60992,810,Gold,386378,37260,46687,2,1,80145,68,2,Yes,Yes,0,No
CUST100423,42,Female,Canada,75350,372,Silver,122326,198681,38276,1,2,105626,113,3,Yes,Yes,0,Yes
CUST100424,43,Male,UK,89561,478,Gold,97527,180536,35523,1,0,176014,48,4,No,Yes,2,No
CUST100425,22,Female,UK,71955,511,Gold,368848,71805,67055,2,1,16208,80,2,Yes,No,4,Yes
CUST100426,47,Male,India,81240,533,Gold,444315,195991,55615,2,1,166250,95,3,Yes,Yes,2,No
CUST100427,62,Female,Canada,171165,764,Silver,452601,259636,11514,1,1,140111,90,3,Yes,No,2,No
CUST100428,22,Male,Australia,157227,522,Gold,186991,185541,48456,2,0,14990,62,4,Yes,Yes,4,Yes
CUST100429,46,Male,India,66607,563,Platinum,116952,17194,8233,1,0,137513,116,2,Yes,No,2,No
CUST100430,37,Male,India,184559,506,Gold,342926,157883,2102,0,1,129327,35,2,No,Yes,3,No
CUST100431,60,Female,Canada,172035,665,Silver,353260,334521,67133,0,2,79314,70,2,Yes,Yes,2,No
CUST100432,53,Female,Canada,72870,575,Gold,485806,130864,47715,0,1,177031,97,1,Yes,Yes,2,No
CUST100433,29,Male,UK,84110,679,Gold,371770,43723,7256,4,1,26862,21,2,No,Yes,0,No
CUST100434,63,Female,Canada,172008,608,Gold,453603,231408,65800,3,1,158345,80,5,Yes,Yes,3,No
CUST100435,74,Female,UK,136895,567,Silver,166895,242113,42548,3,1,93949,111,1,Yes,Yes,1,No
CUST100436,68,Male,India,24426,363,Silver,66015,76298,73090,0,1,173572,39,1,Yes,Yes,1,Yes
CUST100437,59,Male,USA,47606,649,Gold,122877,59238,79200,2,1,130223,34,1,No,Yes,1,No
CUST100438,49,Female,Australia,198904,793,Silver,297483,259425,43367,2,2,3956,106,1,Yes,Yes,4,No
CUST100439,62,Male,India,48151,822,Gold,154563,105433,71382,2,2,88789,15,3,Yes,Yes,1,No
CUST100440,46,Male,Canada,31308,397,Silver,413922,107092,27205,3,1,89451,6,5,No,Yes,2,No
CUST100441,55,Female,Australia,196743,370,Gold,117493,264291,26570,2,1,117782,66,4,No,Yes,0,No
CUST100442,70,Male,USA,110306,663,Silver,166800,229991,31255,1,1,2365,88,2,Yes,Yes,2,No
CUST100443,45,Male,USA,126984,869,Silver,420213,300589,22182,1,0,72204,56,1,No,Yes,0,No
CUST100444,44,Male,UK,22204,575,Platinum,211480,184875,40373,0,1,136072,49,4,Yes,Yes,4,Yes
CUST100445,33,Female,Australia,112769,349,Platinum,471313,192180,44019,1,0,57072,92,3,Yes,Yes,1,No
CUST100446,27,Male,UK,107265,657,Gold,411670,106170,63619,1,5,52499,1,4,Yes,No,5,No
CUST100447,56,Male,India,51131,863,Silver,451739,395229,17043,1,1,69211,65,1,Yes,Yes,2,No
CUST100448,65,Male,Australia,72428,784,Gold,141648,347761,46532,0,0,143979,28,5,Yes,No,2,Yes
CUST100449,40,Male,India,53870,383,Gold,307307,213482,66936,0,1,148408,100,4,No,Yes,4,No
CUST100450,21,Male,UK,123547,883,Gold,168790,315646,20239,2,0,85220,20,1,Yes,No,0,No
CUST100451,28,Male,Australia,69067,595,Silver,107508,117116,11416,3,2,93847,48,1,Yes,No,1,Yes
CUST100452,66,Female,UK,132217,535,Gold,234839,299899,4412,1,2,183403,72,2,Yes,Yes,5,Yes
CUST100453,36,Male,Australia,172679,355,Gold,321763,139805,25406,2,2,109459,65,2,No,Yes,1,No
CUST100454,34,Male,UK,176040,659,Platinum,294270,271623,2875,1,2,77755,90,5,No,Yes,1,No
CUST100455,32,Male,USA,118934,409,Silver,84926,75361,38066,2,2,68783,51,2,Yes,Yes,1,Yes
CUST100456,71,Male,UK,162980,491,Gold,60633,152376,6752,1,0,183581,43,5,No,No,1,No
CUST100457,43,Male,USA,177495,392,Gold,228726,124232,79025,2,4,127851,49,3,Yes,No,1,No
CUST100458,35,Female,UK,94707,867,Silver,23317,367730,2353,1,1,6472,25,3,Yes,Yes,1,No
CUST100459,48,Male,Australia,81215,359,Silver,327124,81171,27986,1,0,153452,74,2,No,No,3,No
CUST100460,54,Male,Australia,69429,338,Silver,326259,376295,15691,2,2,103152,76,3,Yes,No,3,No
CUST100461,22,Male,Australia,102152,839,Silver,212718,86296,70847,2,1,158352,41,4,No,Yes,1,No
CUST100462,52,Female,Canada,128048,348,Silver,325302,140562,49075,2,0,152931,71,4,Yes,Yes,2,No
CUST100463,43,Female,India,189530,719,Gold,207035,152324,11794,1,0,179474,64,4,Yes,Yes,3,No
CUST100464,42,Female,Australia,197241,312,Gold,460847,137934,69470,1,0,139334,61,3,No,Yes,3,No
CUST100465,71,Male,USA,158731,335,Gold,200388,241535,17406,0,0,142138,12,4,No,Yes,1,No
CUST100466,45,Female,Australia,97240,400,Platinum,387508,332103,76930,2,1,146626,111,5,Yes,Yes,2,No
CUST100467,42,Male,Canada,183865,385,Silver,472558,318166,27872,3,0,7008,104,1,Yes,Yes,3,No
CUST100468,42,Male,USA,133688,815,Silver,297648,258970,42708,1,1,87851,81,2,No,Yes,5,No
CUST100469,69,Male,Canada,66473,522,Gold,219665,324135,21800,1,0,80799,69,5,Yes,No,2,Yes
CUST100470,72,Male,USA,116762,637,Silver,439876,171999,44397,0,2,16238,14,4,No,Yes,5,No
CUST100471,62,Female,UK,126956,465,Silver,319340,231449,38909,0,0,17153,34,1,No,Yes,2,No
CUST100472,26,Female,India,138452,682,Silver,348082,311997,22352,0,3,59353,48,2,Yes,No,4,Yes
CUST100473,35,Male,India,146311,675,Silver,421821,31826,16438,0,1,52092,61,5,Yes,Yes,2,No
CUST100474,74,Female,Canada,27006,770,Gold,339532,305023,45999,0,0,174224,81,2,Yes,Yes,2,Yes
CUST100475,63,Female,India,94218,330,Silver,232369,188337,19482,2,1,49104,35,3,Yes,Yes,1,No
CUST100476,57,Female,Canada,184912,674,Silver,75501,72361,33471,2,0,155355,119,4,No,Yes,2,No
CUST100477,53,Female,Canada,52430,310,Silver,204381,240028,48279,2,2,177501,65,5,No,No,1,No
CUST100478,28,Female,Canada,43091,601,Gold,47043,340134,55213,1,1,186029,59,5,Yes,Yes,1,No
CUST100479,73,Female,India,184055,395,Silver,53635,351931,14026,1,1,28887,114,1,Yes,Yes,0,No
CUST100480,64,Female,Canada,43989,489,Gold,230387,217256,6435,1,0,177244,114,1,Yes,Yes,2,No
CUST100481,64,Male,India,95451,752,Silver,100691,40736,9493,1,1,4355,36,1,Yes,No,5,No
CUST100482,25,Male,Canada,38990,491,Silver,315276,286674,73227,0,1,33701,79,2,Yes,Yes,3,No
CUST100483,59,Female,Australia,110270,785,Gold,297510,209124,60321,2,0,172606,19,4,Yes,No,1,No
CUST100484,24,Male,Canada,100360,565,Silver,113944,178130,3763,1,1,71442,115,2,Yes,Yes,2,No
CUST100485,26,Female,USA,56081,723,Silver,223179,106080,21389,0,0,192346,42,4,No,No,2,No
CUST100486,65,Male,Canada,162105,427,Silver,475796,336399,32498,0,4,12279,69,5,Yes,No,2,No
CUST100487,52,Male,UK,128272,537,Platinum,397411,135958,64755,1,1,174563,19,2,No,Yes,3,No
CUST100488,72,Male,Canada,36241,654,Silver,471105,388742,36825,0,1,120738,107,2,No,Yes,6,Yes
CUST100489,50,Male,USA,144932,411,Gold,492769,224793,17934,1,6,139333,39,2,Yes,No,3,No
CUST100490,67,Female,USA,25939,745,Silver,59236,118623,6574,1,0,135546,69,3,Yes,Yes,3,Yes
CUST100491,55,Female,India,133000,642,Silver,286294,299531,39179,2,1,91414,52,4,Yes,No,3,No
CUST100492,60,Female,Australia,198634,444,Silver,393513,152647,2587,1,1,28390,12,4,Yes,Yes,1,No
CUST100493,72,Female,Canada,55063,364,Platinum,301567,112260,43782,1,3,157997,83,2,No,Yes,2,No
CUST100494,36,Male,India,178117,546,Silver,24137,166862,55412,0,1,82174,47,3,Yes,Yes,2,No
CUST100495,33,Male,Australia,195841,789,Silver,49992,293132,61561,2,0,190123,76,2,Yes,Yes,0,Yes
CUST100496,70,Female,Canada,67118,738,Silver,392684,338592,78224,1,2,4787,36,4,Yes,Yes,2,No
CUST100497,62,Male,UK,104703,405,Silver,135140,375574,5409,2,2,189249,63,5,No,Yes,3,No
CUST100498,50,Male,Canada,172697,480,Silver,195993,218976,72319,2,1,43724,76,3,Yes,Yes,2,No
CUST100499,39,Male,USA,148557,483,Gold,141225,141041,27751,0,0,10663,82,3,Yes,No,1,No
CUST100500,37,Male,USA,47076,525,Silver,492585,274548,39174,3,0,147192,113,2,Yes,Yes,2,No
CUST100501,39,Female,UK,64605,388,Silver,349061,241356,57572,0,1,153812,51,5,No,Yes,1,No
CUST100502,48,Female,India,104565,829,Gold,355834,170534,62416,2,0,133107,112,4,Yes,No,2,Yes
CUST100503,46,Male,Australia,59121,670,Silver,316379,281504,13041,1,2,100271,43,1,Yes,Yes,0,No
CUST100504,57,Female,Canada,51433,698,Silver,230047,347801,24227,1,0,188515,34,4,Yes,Yes,0,No
CUST100505,46,Female,USA,63309,405,Silver,39122,196544,36201,5,1,67388,112,4,Yes,Yes,4,No
CUST100506,73,Male,India,87468,570,Gold,306100,246512,37069,2,2,52335,97,5,Yes,Yes,3,No
CUST100507,43,Female,UK,195326,802,Silver,83879,240037,27370,2,0,43315,49,3,Yes,Yes,0,No
CUST100508,29,Female,USA,87293,824,Silver,78560,34160,12586,1,0,195237,18,4,Yes,Yes,0,No
CUST100509,32,Male,UK,116258,331,Silver,496016,268933,51231,0,0,104922,61,3,Yes,No,3,No
CUST100510,73,Male,Canada,188925,692,Gold,392454,158253,6322,1,0,46627,57,5,Yes,Yes,2,No
CUST100511,21,Male,Australia,58405,339,Silver,219757,145457,66294,1,1,139375,93,5,Yes,Yes,4,No
CUST100512,21,Male,USA,63527,517,Gold,437876,344741,30299,2,1,49334,109,2,Yes,No,4,No
CUST100513,67,Male,USA,97227,381,Gold,257268,65641,71793,2,0,186964,5,1,Yes,Yes,1,No
CUST100514,54,Female,Canada,151564,500,Gold,499280,306391,47501,0,0,192268,89,5,No,Yes,0,No
CUST100515,52,Male,India,159883,746,Silver,283312,86673,58134,3,0,65700,24,5,Yes,No,3,No
CUST100516,74,Male,Australia,113344,727,Silver,327268,231322,10777,1,0,39726,93,3,Yes,Yes,3,No
CUST100517,68,Female,USA,175344,337,Silver,186969,267688,12249,0,1,180678,64,5,Yes,No,1,Yes
CUST100518,45,Female,Australia,67153,510,Silver,166104,246855,22390,3,1,30694,59,4,Yes,Yes,1,No
CUST100519,60,Male,USA,128042,743,Silver,334941,236361,21369,2,1,162325,38,2,Yes,Yes,4,No
CUST100520,65,Male,Australia,74110,626,Gold,317438,63248,13881,0,1,155302,33,2,Yes,Yes,2,No
CUST100521,73,Male,UK,165051,526,Silver,457043,296694,10587,0,0,185046,10,4,No,Yes,1,No
CUST100522,21,Female,USA,48328,347,Silver,285660,315837,75327,3,1,63545,37,5,No,Yes,1,No
CUST100523,36,Male,Australia,132911,317,Gold,170823,391068,8833,0,1,147997,97,1,No,No,1,No
CUST100524,59,Male,India,32867,738,Gold,50373,202821,48013,4,1,6033,87,5,No,No,3,Yes
CUST100525,25,Female,UK,79234,486,Silver,142026,255949,64620,2,2,62461,11,2,No,Yes,1,No
CUST100526,42,Male,UK,45851,644,Gold,50270,342165,16754,1,1,2665,24,1,No,No,2,Yes
CUST100527,49,Female,India,51279,523,Silver,423602,277749,79113,0,2,27025,88,3,Yes,Yes,2,No
CUST100528,23,Female,Australia,93402,787,Gold,252931,50713,36282,0,2,154605,71,3,Yes,Yes,1,No
CUST100529,32,Male,Canada,35449,528,Gold,215889,337547,37737,0,1,176969,114,5,Yes,Yes,2,Yes
CUST100530,46,Female,India,96221,689,Gold,85184,320610,25124,1,3,77661,21,5,Yes,Yes,1,No
CUST100531,36,Male,Australia,109080,888,Gold,230765,3981,71102,2,1,120473,20,1,Yes,No,0,No
CUST100532,71,Female,India,25451,487,Silver,57879,377775,3196,0,0,20998,117,1,No,Yes,0,Yes
CUST100533,57,Female,India,107178,569,Silver,331741,381382,62527,2,0,61248,10,5,Yes,No,5,Yes
CUST100534,42,Female,USA,192388,609,Gold,452348,95335,12345,4,1,104493,89,2,Yes,Yes,1,No
CUST100535,49,Male,Australia,83761,431,Silver,23626,107441,35077,1,0,23057,47,3,Yes,Yes,0,Yes
CUST100536,34,Female,Canada,58870,850,Platinum,105936,16984,67400,1,2,79244,100,1,Yes,Yes,5,No
CUST100537,48,Female,USA,116566,371,Silver,254873,125580,13055,1,2,97031,112,2,Yes,No,2,No
CUST100538,25,Male,India,143749,486,Silver,101515,373460,45484,4,1,112713,47,5,Yes,Yes,2,No
CUST100539,67,Female,India,143765,785,Silver,228137,132596,78514,3,0,105887,15,4,Yes,Yes,3,No
CUST100540,69,Male,India,144881,490,Silver,75390,118454,36771,2,1,67173,44,1,Yes,Yes,2,No
CUST100541,50,Male,Australia,181945,721,Gold,429861,49402,58654,3,1,38734,104,4,Yes,Yes,0,No
CUST100542,66,Male,Australia,148389,419,Gold,243032,91656,47540,4,2,62072,104,2,Yes,Yes,1,No
CUST100543,72,Male,USA,45372,519,Gold,74144,65614,30377,3,1,195247,114,3,Yes,Yes,2,No
CUST100544,25,Male,Canada,23642,352,Gold,164454,166963,50573,2,1,194855,62,2,Yes,No,0,No
CUST100545,32,Female,USA,179073,750,Platinum,24025,353153,43733,1,1,94194,6,3,Yes,Yes,0,No
CUST100546,36,Male,UK,54064,711,Gold,456442,307980,12760,1,0,182114,101,2,Yes,Yes,0,No
CUST100547,46,Female,India,34122,536,Silver,361524,258789,26762,0,0,183429,66,1,Yes,Yes,1,No
CUST100548,46,Male,India,175892,705,Gold,274043,131049,51986,1,2,139741,76,1,Yes,Yes,2,No
CUST100549,68,Female,India,88431,721,Silver,138910,338551,35332,1,2,113272,4,4,Yes,No,2,Yes
CUST100550,41,Female,USA,75745,546,Silver,482927,269754,41100,2,1,67902,23,2,Yes,Yes,1,No
CUST100551,59,Male,USA,70081,371,Gold,116055,109381,5944,2,0,122247,13,2,No,Yes,0,No
CUST100552,56,Female,India,159783,484,Silver,408333,15791,49825,0,4,149982,81,4,Yes,Yes,3,No
CUST100553,53,Male,USA,169865,305,Silver,225782,58047,14877,1,1,56959,31,5,Yes,No,3,No
CUST100554,50,Female,Australia,159271,505,Silver,416659,234898,30990,2,2,96623,16,2,Yes,No,3,No
CUST100555,57,Male,Australia,96253,843,Silver,303539,150737,56283,0,1,131438,41,2,Yes,Yes,1,No
CUST100556,43,Female,USA,56191,686,Platinum,292869,70246,4258,1,0,48415,90,2,Yes,Yes,2,No
CUST100557,30,Male,India,30211,375,Silver,53461,196936,32629,1,2,124716,92,5,No,Yes,1,No
CUST100558,74,Female,USA,131086,476,Silver,278072,234955,38579,0,2,121209,1,1,No,Yes,2,Yes
CUST100559,25,Female,USA,172614,648,Silver,61115,348292,23958,2,0,9907,111,4,Yes,Yes,2,No
CUST100560,56,Male,USA,182384,554,Silver,130084,45890,40465,2,2,95825,12,5,No,Yes,1,No
CUST100561,54,Male,UK,196314,607,Platinum,365876,32888,16775,1,1,32780,101,3,Yes,Yes,0,No
CUST100562,72,Male,Australia,121971,644,Silver,493006,137821,77575,1,1,188951,119,3,Yes,Yes,0,No
CUST100563,51,Male,Canada,113783,426,Gold,361701,46531,35207,5,0,35085,56,5,Yes,No,3,Yes
CUST100564,30,Female,Canada,145681,586,Gold,353404,377796,23553,4,2,196571,50,5,Yes,Yes,2,No
CUST100565,39,Male,UK,107893,895,Platinum,179762,282752,54632,2,0,20426,20,1,Yes,Yes,0,No
CUST100566,52,Male,USA,178763,786,Gold,283551,343130,1055,0,3,179269,66,3,Yes,Yes,1,No
CUST100567,21,Male,UK,97960,682,Gold,93568,346140,33873,1,2,7485,36,4,Yes,Yes,0,Yes
CUST100568,25,Female,UK,104388,705,Silver,78560,56017,67205,1,0,49527,79,2,Yes,Yes,1,No
CUST100569,65,Male,India,42601,687,Silver,460556,57676,79199,2,1,195672,38,2,Yes,Yes,2,No
CUST100570,24,Male,Australia,169092,824,Silver,168866,11560,26318,0,2,124604,22,1,Yes,Yes,1,No
CUST100571,36,Male,Canada,159227,856,Platinum,170953,50468,34734,0,0,91005,108,1,Yes,Yes,3,No
CUST100572,44,Male,USA,187849,575,Silver,237364,163535,19522,3,0,199820,61,3,Yes,No,3,No
CUST100573,36,Female,Canada,39710,799,Silver,256770,295267,12656,1,0,58528,50,4,Yes,Yes,3,No
CUST100574,22,Male,Canada,128714,636,Silver,246024,94346,16893,1,3,120631,96,4,No,Yes,1,No
CUST100575,69,Male,Australia,175604,780,Silver,200775,140790,17493,0,2,27799,59,5,Yes,Yes,2,No
CUST100576,48,Female,Canada,148727,572,Silver,457570,193709,4632,1,1,177411,20,1,No,Yes,2,No
CUST100577,52,Female,Canada,169673,357,Platinum,111288,262172,62779,2,1,147159,36,2,Yes,Yes,1,No
CUST100578,47,Male,UK,83227,627,Silver,491678,47599,39452,0,1,138518,97,2,Yes,Yes,1,No
CUST100579,40,Female,Australia,156039,408,Gold,401164,148469,14266,1,2,181532,15,3,No,No,0,No
CUST100580,44,Female,India,104289,578,Gold,381445,240270,62607,2,1,94817,62,2,Yes,No,1,No
CUST100581,32,Male,USA,171094,627,Silver,269836,45406,17940,1,2,58260,114,4,Yes,Yes,0,No
CUST100582,70,Female,Canada,194535,614,Silver,34390,309801,25003,2,1,145949,110,4,Yes,Yes,1,No
CUST100583,55,Female,USA,25722,773,Silver,238547,67560,35815,0,0,155795,3,1,Yes,Yes,0,No
CUST100584,53,Male,India,178485,410,Silver,47307,104143,31869,2,6,12943,93,3,Yes,Yes,3,No
CUST100585,53,Male,USA,101050,528,Gold,247436,144575,50297,3,1,141378,111,2,Yes,Yes,3,No
CUST100586,71,Male,India,103596,796,Silver,245121,54943,61107,2,2,167856,91,1,No,Yes,3,No
CUST100587,63,Female,UK,86732,455,Silver,271063,75839,17682,3,1,121401,5,5,Yes,Yes,1,No
CUST100588,57,Female,Canada,163369,772,Gold,44502,82674,20622,3,1,151527,56,5,Yes,Yes,0,Yes
CUST100589,32,Female,India,88323,571,Platinum,42486,25345,31408,3,2,161046,31,2,No,Yes,2,No
CUST100590,23,Male,USA,43816,301,Gold,393957,249495,9837,2,0,27371,86,2,Yes,Yes,2,No
CUST100591,21,Female,Canada,60695,810,Gold,189330,50390,65210,1,0,98746,35,2,Yes,Yes,1,No
CUST100592,53,Female,UK,170774,585,Gold,208788,226113,16407,0,0,101248,118,4,Yes,No,2,Yes
CUST100593,60,Male,Canada,176314,312,Silver,248300,321701,30309,0,1,135008,71,2,Yes,Yes,1,No
CUST100594,30,Male,India,75841,797,Gold,123920,1906,72918,1,1,164238,70,5,Yes,No,6,Yes
CUST100595,63,Female,UK,148498,537,Silver,232566,7961,19895,0,0,25727,26,2,Yes,Yes,0,No
CUST100596,64,Male,USA,127096,393,Gold,364912,157212,1370,2,0,114000,118,3,Yes,No,0,No
CUST100597,49,Female,UK,112764,637,Gold,423964,381433,1486,3,0,63969,1,5,No,Yes,1,Yes
CUST100598,33,Male,UK,105744,470,Silver,82785,189773,24762,2,3,159440,83,3,No,No,3,No
CUST100599,32,Male,Australia,48482,866,Gold,96050,339711,27613,2,0,68531,7,5,Yes,Yes,1,Yes
CUST100600,51,Male,UK,29171,766,Platinum,42738,342808,4196,1,2,39097,36,1,No,Yes,2,No
CUST100601,66,Male,UK,120755,442,Silver,94231,81199,77349,0,1,166056,76,5,Yes,Yes,3,No
CUST100602,22,Female,Canada,128125,500,Gold,93606,260928,65839,1,0,50859,84,5,Yes,Yes,1,Yes
CUST100603,71,Male,USA,150722,479,Silver,323806,99764,42916,2,1,175363,87,3,Yes,Yes,2,No
CUST100604,70,Female,Canada,126082,663,Gold,400457,122357,9572,3,1,196300,25,3,Yes,Yes,1,No
CUST100605,55,Male,Canada,23696,778,Silver,247369,342873,29225,1,1,153222,94,5,No,Yes,2,No
CUST100606,43,Female,India,146310,864,Gold,495450,312712,46853,1,1,153133,59,5,Yes,Yes,5,Yes
CUST100607,37,Male,Canada,171130,770,Platinum,297267,371493,50390,1,3,160250,61,4,Yes,Yes,0,Yes
CUST100608,46,Female,Australia,171385,683,Platinum,176688,335446,33275,1,1,56790,29,1,Yes,Yes,2,No
CUST100609,28,Female,Australia,39149,716,Gold,293326,94968,73379,2,0,65696,95,1,Yes,Yes,3,No
CUST100610,49,Male,India,150064,607,Silver,372513,160576,2105,0,1,15648,18,2,Yes,No,0,No
CUST100611,46,Male,USA,73521,666,Platinum,475229,378260,60896,3,1,61779,41,5,No,No,1,No
CUST100612,30,Female,USA,65740,300,Silver,182403,299290,44209,2,2,106371,19,5,No,No,4,Yes
CUST100613,46,Female,Canada,126611,343,Platinum,197170,40297,43487,2,1,36672,118,5,Yes,No,1,No
CUST100614,54,Male,Canada,156028,397,Silver,46128,86394,19051,1,1,69109,4,5,Yes,Yes,2,No
CUST100615,71,Female,Canada,86641,564,Silver,51556,389317,78400,2,3,191593,65,1,Yes,No,3,No
CUST100616,61,Female,USA,83811,439,Gold,278470,388086,67961,3,0,34593,41,3,No,Yes,1,No
CUST100617,27,Female,UK,83232,780,Silver,172948,16939,61156,1,0,144858,15,4,Yes,Yes,1,No
CUST100618,24,Female,Australia,35417,536,Silver,160021,306604,58175,3,0,9815,54,3,Yes,No,1,No
CUST100619,73,Female,UK,175801,371,Silver,71962,199294,7849,0,0,153038,64,3,No,Yes,1,Yes
CUST100620,70,Male,UK,132492,489,Silver,110054,62119,19976,3,1,144866,72,1,Yes,Yes,2,No
CUST100621,65,Male,USA,50099,567,Silver,222278,166393,57866,3,2,162495,15,4,Yes,Yes,2,No
CUST100622,31,Male,UK,181033,620,Silver,44099,394995,48078,2,1,21302,79,5,Yes,Yes,0,Yes
CUST100623,49,Female,India,163674,406,Silver,255943,144258,32113,1,1,192136,50,1,Yes,Yes,3,No
CUST100624,56,Female,Canada,138474,531,Silver,425932,218827,16401,1,1,85140,103,1,Yes,Yes,4,No
CUST100625,45,Male,India,29256,341,Gold,203683,267201,13884,2,3,158907,22,4,Yes,Yes,2,No
CUST100626,41,Female,Australia,54681,438,Silver,189957,149805,38563,1,0,73356,18,2,Yes,Yes,1,No
CUST100627,56,Female,Canada,111328,572,Platinum,335288,281301,35414,3,2,49282,80,1,Yes,Yes,0,No
CUST100628,30,Female,UK,63361,780,Platinum,216292,297174,17142,4,0,128451,2,3,No,Yes,1,Yes
CUST100629,57,Male,Australia,54540,715,Silver,27837,150685,72492,3,0,121347,36,3,Yes,No,5,No
CUST100630,29,Male,Canada,177608,805,Gold,200427,108612,76257,1,1,183786,20,5,No,Yes,1,No
CUST100631,44,Male,UK,104700,723,Gold,198371,377224,77693,1,1,198107,16,1,Yes,No,2,No
CUST100632,55,Male,India,98532,706,Platinum,432375,345172,36135,1,3,23814,67,5,Yes,Yes,2,No
CUST100633,69,Male,Canada,147626,867,Gold,407356,136260,73232,1,0,155161,30,1,Yes,Yes,1,No
CUST100634,55,Male,UK,153943,689,Silver,398824,238178,28862,1,1,186903,55,4,Yes,Yes,3,No
CUST100635,68,Male,India,66002,641,Gold,268003,259418,6190,1,1,163818,66,1,Yes,Yes,3,No
CUST100636,56,Male,Australia,69812,792,Gold,388946,29680,71199,1,0,81673,99,2,Yes,Yes,3,No
CUST100637,38,Male,Australia,173698,491,Gold,122413,234433,5331,1,1,51940,26,3,Yes,Yes,2,No
CUST100638,69,Female,Australia,128946,798,Silver,71012,364446,53186,4,1,86796,57,4,Yes,Yes,5,Yes
CUST100639,59,Male,Australia,86668,532,Platinum,150193,36445,45648,0,1,36476,69,3,No,Yes,2,No
CUST100640,52,Female,USA,119003,526,Platinum,472521,5796,29549,3,1,157355,2,5,Yes,Yes,1,No
CUST100641,44,Female,Canada,62998,670,Silver,238168,309362,26761,1,0,132841,115,4,Yes,No,0,Yes
CUST100642,43,Male,Canada,124601,438,Silver,168178,170203,4262,2,2,42278,56,2,Yes,Yes,1,Yes
CUST100643,52,Male,USA,196679,448,Silver,78123,139294,52259,2,0,178066,84,3,Yes,Yes,2,Yes
CUST100644,57,Male,UK,27812,414,Gold,131825,286218,73572,1,1,193970,62,1,No,Yes,1,Yes
CUST100645,32,Female,UK,81844,749,Gold,28720,378232,54472,1,1,15634,34,1,Yes,Yes,3,No
CUST100646,69,Female,Australia,153251,362,Gold,188733,298983,5677,3,1,126259,98,1,Yes,No,0,No
CUST100647,33,Male,India,194870,403,Silver,266103,369256,74508,1,0,142037,118,4,Yes,No,1,Yes
CUST100648,43,Female,UK,94601,572,Gold,244970,389658,51617,1,0,158638,56,2,No,Yes,1,No
CUST100649,45,Male,India,159347,305,Silver,244866,68322,19595,1,0,52196,55,2,Yes,Yes,1,No
CUST100650,55,Male,Canada,67857,446,Silver,434336,318465,61148,0,2,98679,20,2,Yes,Yes,2,No
CUST100651,61,Female,India,145555,483,Gold,170862,230246,47926,0,3,179357,50,3,Yes,Yes,2,No
CUST100652,50,Male,Canada,40700,327,Platinum,78655,110100,76271,1,1,130861,25,4,Yes,Yes,1,No
CUST100653,37,Female,USA,190536,849,Platinum,210715,297651,35457,2,0,186571,84,1,Yes,No,1,No
CUST100654,69,Male,USA,193423,418,Platinum,113448,99244,43531,1,0,19420,25,3,No,No,1,No
CUST100655,40,Female,Australia,113330,592,Silver,198446,387932,74263,2,1,156308,53,2,No,Yes,1,No
CUST100656,68,Male,UK,164941,670,Silver,193979,357395,74300,1,1,6218,14,1,Yes,Yes,1,Yes
CUST100657,45,Male,Australia,172026,543,Gold,201143,285950,64171,0,1,124283,60,4,Yes,No,4,No
CUST100658,42,Female,Canada,182627,879,Platinum,140507,130364,46771,1,0,180964,111,5,Yes,Yes,0,No
CUST100659,33,Male,Australia,83353,517,Silver,316956,299045,67354,3,0,64057,108,2,Yes,Yes,1,No
CUST100660,39,Female,India,196098,476,Silver,331714,200065,38289,2,1,78609,43,2,Yes,Yes,2,No
CUST100661,69,Female,Canada,120772,598,Silver,333045,173688,34892,1,1,142298,107,2,Yes,Yes,2,No
CUST100662,56,Female,USA,198048,357,Gold,80186,52127,72196,2,0,123108,62,2,No,Yes,1,No
CUST100663,32,Female,UK,111502,568,Silver,142066,262597,39409,0,1,183343,103,1,Yes,Yes,3,No
CUST100664,61,Female,Canada,133943,607,Silver,410508,337576,35470,1,2,10046,76,4,No,Yes,1,Yes
CUST100665,39,Female,Canada,129850,869,Silver,201323,385016,19385,0,0,117462,112,3,Yes,Yes,3,No
CUST100666,32,Female,India,65095,587,Silver,216243,87362,24296,1,1,109345,69,1,Yes,Yes,1,No
CUST100667,29,Female,UK,165342,404,Platinum,56160,273120,62716,1,2,37117,63,4,Yes,Yes,0,No
CUST100668,27,Male,USA,181980,527,Silver,39156,114176,27382,2,0,129980,2,3,No,Yes,2,No
CUST100669,48,Male,Canada,35523,546,Gold,96208,99122,77675,0,2,136037,54,2,Yes,Yes,4,No
CUST100670,34,Female,Canada,82433,793,Gold,493196,332548,23419,2,2,190550,16,4,No,Yes,5,No
CUST100671,51,Male,India,198140,382,Platinum,485536,344076,40291,0,1,188349,55,2,No,Yes,2,No
CUST100672,72,Male,Australia,39991,485,Silver,169001,97170,13397,2,0,190685,94,4,Yes,Yes,2,No
CUST100673,39,Male,USA,30775,551,Platinum,479822,339851,58888,1,1,17373,111,5,Yes,No,0,No
CUST100674,67,Male,UK,104995,654,Gold,251226,217912,36169,1,1,45452,43,2,No,Yes,0,Yes
CUST100675,36,Female,Canada,167745,509,Platinum,475775,248178,63182,1,0,181161,61,2,Yes,Yes,3,No
CUST100676,73,Female,Canada,142808,746,Platinum,467421,235851,43249,1,3,6654,38,2,Yes,Yes,3,No
CUST100677,25,Male,USA,178128,759,Silver,261766,355933,29341,0,0,162352,45,1,Yes,Yes,2,No
CUST100678,55,Male,Australia,157686,771,Silver,481691,96516,76603,1,0,187213,51,3,No,Yes,1,No
CUST100679,32,Female,Canada,27415,669,Silver,215413,395233,47144,2,0,123319,42,2,Yes,Yes,3,No
CUST100680,45,Male,USA,194956,791,Gold,377521,7957,62772,0,2,105646,24,2,No,No,2,No
CUST100681,72,Female,India,168036,436,Silver,325007,107724,14444,1,2,198966,115,1,Yes,Yes,3,No
CUST100682,41,Male,Australia,188798,666,Silver,232909,398008,46647,1,2,26583,30,1,Yes,No,1,Yes
CUST100683,56,Male,UK,57044,483,Silver,85439,275381,11974,1,0,94242,37,5,Yes,Yes,3,No
CUST100684,73,Female,Canada,188616,887,Silver,158266,313730,39383,0,0,137432,53,4,Yes,Yes,4,No
CUST100685,43,Male,USA,69976,586,Silver,222459,281396,3956,0,4,53968,63,2,No,No,2,No
CUST100686,36,Female,India,183324,771,Silver,141361,165278,9077,0,1,134815,103,4,No,Yes,1,No
CUST100687,59,Female,UK,23832,674,Silver,232986,3543,37490,2,2,138231,11,1,No,No,1,No
CUST100688,65,Male,USA,54148,836,Silver,217286,175207,56612,0,2,163223,78,1,No,No,0,Yes
CUST100689,73,Female,USA,132230,810,Silver,378320,247541,37159,3,3,131590,23,5,Yes,No,3,No
CUST100690,62,Female,UK,105076,878,Silver,49777,104647,40710,3,0,16652,117,3,Yes,Yes,5,Yes
CUST100691,59,Male,India,58402,549,Platinum,276427,35031,14806,1,1,113114,80,1,Yes,Yes,3,No
CUST100692,34,Female,India,58578,809,Gold,177255,174001,79345,1,1,102489,50,2,No,No,0,Yes
CUST100693,51,Female,Australia,110453,372,Silver,440661,327891,7458,2,2,173420,85,5,Yes,Yes,0,No
CUST100694,25,Female,Canada,173390,581,Silver,218110,317455,36524,2,0,77001,55,3,No,Yes,3,No
CUST100695,55,Female,UK,95715,659,Gold,369345,236403,7853,3,1,124269,55,5,Yes,Yes,2,No
CUST100696,43,Male,UK,131435,309,Platinum,429414,65867,41477,3,0,76757,4,1,No,Yes,0,No
CUST100697,49,Female,UK,171538,510,Platinum,434627,88780,33222,2,1,24395,97,3,Yes,Yes,1,No
CUST100698,63,Female,India,115742,451,Gold,201649,57196,19320,3,1,133407,54,4,Yes,Yes,1,No
CUST100699,31,Female,Canada,65475,304,Silver,298011,73705,53243,0,0,101978,61,3,No,Yes,3,No
CUST100700,38,Female,Australia,80142,494,Silver,82501,320038,46615,1,1,131572,111,2,No,Yes,5,No
CUST100701,67,Female,USA,177636,582,Silver,165338,349784,18352,0,0,124541,78,4,Yes,Yes,3,No
CUST100702,32,Male,USA,173484,763,Platinum,321566,276735,73833,1,1,8083,83,4,No,No,3,Yes
CUST100703,29,Female,UK,113526,412,Gold,186280,97247,4203,1,1,106598,5,2,No,Yes,1,Yes
CUST100704,30,Female,Canada,71001,570,Gold,141544,179965,40267,2,0,136615,100,4,Yes,Yes,1,No
CUST100705,64,Female,India,77649,462,Silver,444429,727,38941,0,0,199884,95,1,Yes,Yes,2,No
CUST100706,37,Female,Canada,186589,759,Gold,158439,43822,26368,2,1,183309,109,3,Yes,Yes,1,No
CUST100707,58,Male,Canada,164228,404,Silver,275230,365543,78186,1,1,96171,18,3,Yes,Yes,2,No
CUST100708,27,Male,India,174136,855,Silver,492242,112113,31984,2,1,120423,44,2,No,No,2,No
CUST100709,66,Male,UK,45711,581,Silver,55362,219606,42941,0,1,6613,31,1,Yes,No,1,No
CUST100710,33,Male,Canada,50106,461,Gold,270449,392575,73918,0,0,110033,119,4,Yes,No,5,Yes
CUST100711,60,Female,USA,85458,650,Silver,333732,390732,53683,0,0,197935,94,3,Yes,Yes,1,No
CUST100712,62,Female,India,167661,733,Platinum,189357,60091,1801,1,0,171612,21,3,Yes,Yes,1,No
CUST100713,29,Female,Australia,150429,439,Silver,146683,154591,48965,1,0,76202,47,3,Yes,Yes,4,No
CUST100714,70,Male,UK,121754,770,Gold,276157,205603,10969,2,1,157327,30,3,Yes,Yes,1,No
CUST100715,47,Female,India,158286,431,Gold,225827,356336,36969,1,2,85666,55,5,Yes,Yes,0,No
CUST100716,22,Male,Australia,146479,386,Silver,222918,179006,33449,1,1,22068,105,2,Yes,Yes,1,No
CUST100717,25,Male,Australia,178199,482,Gold,318451,372949,26705,3,1,49057,68,4,No,Yes,3,No
CUST100718,49,Female,Canada,156213,667,Gold,362424,159912,61303,2,0,18946,69,4,Yes,Yes,5,No
CUST100719,57,Female,Canada,48884,428,Gold,433083,380233,29363,1,0,151619,41,2,Yes,Yes,5,No
CUST100720,58,Male,Canada,22708,545,Platinum,338667,89367,31720,1,1,85237,45,1,Yes,Yes,2,No
CUST100721,39,Male,India,38375,877,Gold,497377,13265,10972,2,2,5769,74,2,Yes,No,4,No
CUST100722,28,Male,India,35088,677,Silver,419594,398640,34351,0,0,155955,91,3,Yes,Yes,1,No
CUST100723,68,Male,UK,77615,448,Gold,235757,79622,37145,2,1,61340,80,3,No,Yes,3,No
CUST100724,65,Female,Canada,130138,732,Silver,127669,160259,57235,1,0,79199,30,2,Yes,Yes,3,No
CUST100725,21,Male,Australia,196118,768,Silver,228030,298073,15855,2,2,104222,77,2,No,No,2,No
CUST100726,42,Male,USA,30014,745,Silver,178998,324036,37169,2,0,166234,100,4,Yes,Yes,2,No
CUST100727,72,Male,UK,154345,780,Gold,123215,151611,47404,1,1,33434,85,4,No,No,1,Yes
CUST100728,37,Male,India,198207,593,Gold,118707,318774,20569,2,1,22102,45,5,No,Yes,4,No
CUST100729,27,Male,UK,122842,442,Silver,426396,221711,55437,0,3,21536,117,5,Yes,No,3,No
CUST100730,45,Male,UK,181953,549,Gold,112837,170457,49506,2,0,198842,104,3,Yes,Yes,1,No
CUST100731,65,Male,UK,98077,601,Platinum,400214,131025,26738,0,1,104639,45,5,Yes,Yes,2,No
CUST100732,24,Male,UK,159784,324,Silver,450147,87580,7772,1,0,181460,79,5,Yes,Yes,1,No
CUST100733,56,Female,USA,72874,369,Silver,437230,339606,20731,2,1,50775,84,1,No,Yes,1,No
CUST100734,26,Male,Canada,89087,411,Gold,265847,113396,11131,4,0,31147,84,2,Yes,No,0,Yes
CUST100735,51,Female,Australia,32297,663,Silver,247544,359181,67324,1,0,50526,45,4,Yes,Yes,2,No
CUST100736,39,Male,UK,47128,602,Gold,362016,95310,55097,0,2,154731,55,5,No,Yes,1,No
CUST100737,64,Female,UK,88368,770,Silver,471718,156080,3889,0,0,104663,59,4,No,No,1,No
CUST100738,74,Female,UK,98958,390,Silver,369880,311072,10569,2,0,112180,5,5,Yes,Yes,0,No
CUST100739,59,Female,Canada,52920,829,Gold,287614,214168,76677,3,1,124233,118,5,No,No,1,No
CUST100740,47,Female,India,162228,491,Gold,247467,89876,78470,1,1,23088,118,3,Yes,Yes,0,No
CUST100741,30,Male,India,162180,851,Gold,166025,24976,8612,0,1,68464,32,1,Yes,No,3,Yes
CUST100742,46,Male,USA,182917,541,Platinum,255652,245014,52644,1,1,105921,6,2,Yes,Yes,2,Yes
CUST100743,39,Male,India,153872,437,Gold,451723,387128,33069,0,0,59998,94,2,No,Yes,0,No
CUST100744,59,Female,UK,193784,644,Gold,375113,158698,28331,2,2,40382,26,3,Yes,Yes,1,No
CUST100745,23,Male,UK,153682,479,Silver,111493,360400,56897,1,2,28184,37,3,Yes,Yes,2,No
CUST100746,65,Male,UK,97603,802,Gold,288667,362681,14934,1,0,151171,13,2,Yes,Yes,2,Yes
CUST100747,33,Female,USA,53872,502,Silver,237995,190861,11095,2,1,37739,93,2,Yes,Yes,2,No
CUST100748,70,Female,UK,30728,872,Gold,208262,397916,19706,1,0,127937,69,1,Yes,No,5,Yes
CUST100749,48,Female,India,115102,491,Silver,460977,109331,44516,3,1,139461,25,5,No,No,3,No
CUST100750,40,Female,Canada,142049,304,Gold,313313,194717,35629,2,0,17352,13,1,Yes,No,3,No
CUST100751,48,Female,Canada,40583,536,Silver,65641,251666,47910,1,2,126788,88,2,Yes,No,5,No
CUST100752,28,Male,Australia,105774,610,Gold,174062,269670,21431,3,2,117843,95,5,No,No,1,No
CUST100753,61,Male,India,158335,848,Platinum,49661,103863,57733,0,2,152220,20,2,No,No,0,Yes
CUST100754,59,Male,UK,146374,355,Silver,164491,199121,41088,2,2,31828,119,1,Yes,No,0,No
CUST100755,21,Male,Canada,170528,742,Platinum,296601,335510,45135,2,2,68040,72,1,Yes,Yes,6,No
CUST100756,23,Female,India,111118,536,Silver,349744,56096,39015,0,1,187867,60,1,No,No,1,No
CUST100757,33,Male,Canada,85942,496,Gold,123619,138982,32385,0,0,189692,73,5,No,No,1,No
CUST100758,48,Female,UK,33689,884,Platinum,358246,333329,71199,2,0,94279,21,4,Yes,Yes,2,No
CUST100759,69,Male,Canada,184006,870,Silver,53085,50248,39677,3,0,94430,115,4,Yes,Yes,2,No
CUST100760,45,Female,Australia,53276,813,Platinum,117064,205728,13818,2,0,188186,61,2,Yes,Yes,2,No
CUST100761,53,Female,Australia,121968,748,Silver,201726,395167,64001,2,3,171783,84,5,Yes,No,3,No
CUST100762,58,Male,Canada,170945,659,Silver,419346,79888,24977,0,2,115957,79,3,Yes,No,3,No
CUST100763,73,Male,India,33050,329,Platinum,125723,206354,50832,1,0,17748,26,4,Yes,Yes,1,No
CUST100764,26,Male,India,86216,407,Silver,153114,240346,41931,1,2,88636,54,5,Yes,Yes,1,No
CUST100765,64,Male,India,104040,744,Platinum,352278,94533,79894,0,1,164763,42,5,No,Yes,3,No
CUST100766,65,Male,Canada,41644,737,Platinum,325126,41954,73204,1,0,115158,11,4,Yes,Yes,1,No
CUST100767,52,Male,India,82021,756,Silver,347329,351863,46784,0,1,196354,37,5,Yes,Yes,1,No
CUST100768,65,Male,UK,188197,794,Gold,53477,139876,10921,2,0,191432,105,5,No,Yes,2,No
CUST100769,67,Female,Australia,62291,546,Silver,134161,223777,35959,2,3,10246,11,4,Yes,No,4,No
CUST100770,41,Female,UK,186132,842,Silver,334853,262739,33328,2,0,59395,27,1,Yes,Yes,2,No
CUST100771,36,Female,India,152610,863,Silver,179788,291736,9859,0,1,163558,94,2,No,Yes,0,No
CUST100772,74,Male,UK,187248,887,Silver,360281,40643,75408,2,1,161412,83,3,Yes,No,4,No
CUST100773,41,Female,India,61520,738,Silver,318162,254793,27708,1,4,50300,34,2,No,Yes,4,No
CUST100774,31,Male,Canada,45675,577,Silver,159133,324809,19847,0,2,134158,38,1,Yes,Yes,2,No
CUST100775,57,Male,UK,169359,851,Platinum,159681,268116,56989,1,2,14860,61,1,Yes,Yes,1,No
CUST100776,56,Female,Canada,20174,410,Gold,317515,278026,5922,0,1,17013,87,5,No,Yes,6,No
CUST100777,55,Male,Canada,112268,684,Gold,261422,197466,70928,4,2,138479,53,2,Yes,No,3,No
CUST100778,39,Female,USA,54998,490,Gold,365165,154841,53335,3,0,33542,65,1,No,No,0,No
CUST100779,40,Female,India,163184,789,Gold,434021,25020,14541,5,0,24935,3,2,Yes,Yes,2,Yes
CUST100780,38,Male,Australia,125410,725,Silver,290001,364765,20551,0,1,49079,67,1,Yes,Yes,2,Yes
CUST100781,67,Male,India,95225,704,Gold,162692,347518,20381,2,3,34111,28,3,No,Yes,2,No
CUST100782,61,Male,Australia,64814,634,Platinum,28177,44912,56673,2,3,56550,14,1,Yes,Yes,3,No
CUST100783,69,Female,India,105091,508,Silver,443327,12879,23948,0,2,76955,52,2,Yes,No,3,No
CUST100784,34,Male,Canada,70719,321,Gold,271842,33798,60072,2,1,40565,30,5,Yes,Yes,1,No
CUST100785,35,Male,UK,149887,507,Gold,370722,107791,68560,2,1,19283,58,2,Yes,Yes,3,No
CUST100786,51,Male,UK,53919,307,Platinum,497397,177145,3486,0,0,66470,54,4,No,No,1,No
CUST100787,21,Female,USA,93155,828,Gold,109941,337935,67691,2,0,86916,69,2,No,No,3,No
CUST100788,73,Male,Australia,91569,465,Silver,278121,329127,11082,0,0,79552,113,3,Yes,Yes,1,No
CUST100789,74,Male,Australia,61328,795,Silver,31826,133922,8086,3,3,38233,15,3,Yes,No,0,Yes
CUST100790,74,Female,Australia,44618,889,Silver,164962,159472,68853,2,2,22695,38,3,Yes,Yes,3,No
CUST100791,23,Female,Canada,54675,728,Gold,364572,274097,71027,1,2,126440,78,1,Yes,Yes,1,No
CUST100792,36,Male,Australia,38919,462,Silver,146044,106410,16916,3,2,173806,14,3,No,Yes,5,No
CUST100793,43,Male,UK,24173,665,Platinum,209103,125155,16248,2,0,81257,57,2,Yes,Yes,0,No
CUST100794,31,Male,Canada,129369,825,Silver,357164,154607,69047,1,0,1505,59,5,Yes,Yes,3,No
CUST100795,32,Female,India,46400,538,Silver,25495,206608,25226,1,0,136435,113,3,No,Yes,3,No
CUST100796,30,Male,Australia,90305,371,Silver,48481,252712,26025,1,1,179780,8,2,Yes,Yes,2,No
CUST100797,52,Male,Australia,188636,744,Gold,162339,343173,49380,1,0,43614,72,1,Yes,Yes,2,No
CUST100798,36,Female,India,196886,808,Silver,400041,4055,8848,3,1,1010,19,1,Yes,Yes,2,No
CUST100799,28,Female,Australia,108791,568,Silver,256774,300314,15274,2,0,130560,32,5,No,Yes,2,No
CUST100800,58,Male,India,179034,714,Silver,157815,229016,55545,2,0,150933,95,5,Yes,Yes,1,No
CUST100801,32,Female,Canada,90533,544,Silver,468016,238657,36233,2,1,155197,29,2,Yes,Yes,1,No
CUST100802,44,Female,UK,123591,359,Silver,123475,362120,17304,0,0,140441,41,5,No,Yes,4,No
CUST100803,48,Male,India,161650,305,Gold,199845,290395,12294,1,0,69393,75,5,No,No,0,No
CUST100804,73,Male,USA,151060,869,Gold,339186,397748,27425,0,2,157743,45,1,No,Yes,4,Yes
CUST100805,28,Female,India,169696,706,Silver,69476,135996,69711,2,1,64512,13,2,Yes,Yes,3,No
CUST100806,48,Male,Australia,59194,516,Gold,243177,48037,10425,2,1,98026,27,5,Yes,Yes,1,No
CUST100807,56,Male,Canada,129903,325,Platinum,310696,92115,45990,3,2,75656,19,2,Yes,No,1,No
CUST100808,46,Male,Canada,151461,304,Gold,216314,340070,74746,0,3,97686,26,3,Yes,No,4,Yes
CUST100809,28,Female,India,119303,831,Gold,458988,70400,69295,3,0,175210,53,1,Yes,Yes,4,No
CUST100810,70,Male,UK,133903,689,Platinum,456946,99525,17091,1,1,184492,51,1,Yes,Yes,2,No
CUST100811,48,Male,USA,87391,870,Platinum,180020,363308,1002,0,4,199161,37,1,Yes,Yes,0,No
CUST100812,48,Male,Canada,164866,747,Gold,227383,223457,51411,1,2,15489,112,4,Yes,No,0,No
CUST100813,57,Male,Australia,78002,445,Silver,89093,224174,41958,1,1,59789,9,2,No,Yes,0,No
CUST100814,61,Female,Australia,55531,687,Gold,89123,141774,21707,0,2,69925,92,3,Yes,No,1,No
CUST100815,56,Female,UK,24986,548,Gold,36535,368876,16248,1,2,49703,96,5,Yes,Yes,0,No
CUST100816,47,Male,Canada,52298,825,Silver,348634,15385,72309,4,0,76625,52,3,Yes,Yes,1,No
CUST100817,74,Male,India,21481,761,Silver,66562,271480,79322,1,1,107535,54,2,Yes,No,3,Yes
CUST100818,37,Female,Australia,76408,312,Gold,401186,327565,52720,1,3,189300,3,1,Yes,No,1,No
CUST100819,29,Male,UK,141950,683,Gold,276323,36021,16037,2,1,3051,115,4,Yes,Yes,3,No
CUST100820,53,Male,Canada,167907,855,Silver,371224,396998,68421,1,0,169162,96,2,No,Yes,2,No
CUST100821,73,Female,Canada,145355,698,Gold,278916,117369,41612,0,1,28805,69,2,No,Yes,4,No
CUST100822,40,Female,Canada,47798,318,Silver,209607,220702,14450,1,0,94978,8,5,Yes,Yes,5,No
CUST100823,33,Male,Canada,111649,874,Silver,250063,49111,10491,0,2,44557,14,3,No,Yes,1,No
CUST100824,48,Male,Canada,84887,790,Gold,61269,89402,75804,1,2,133627,3,3,Yes,Yes,2,Yes
CUST100825,68,Male,Australia,39477,718,Silver,100674,119774,7791,1,0,50241,24,5,No,Yes,0,No
CUST100826,49,Male,UK,168338,636,Silver,324606,253724,29314,2,0,127838,13,4,Yes,Yes,2,No
CUST100827,33,Male,Canada,147815,718,Platinum,416343,215657,52883,1,2,65994,43,1,Yes,Yes,0,No
CUST100828,66,Male,USA,194598,421,Silver,305291,304863,66629,1,0,114005,29,1,No,Yes,2,No
CUST100829,55,Male,USA,147426,731,Silver,458744,227600,10967,2,5,16066,72,4,Yes,Yes,2,No
CUST100830,26,Female,UK,162961,343,Platinum,97095,180109,44220,2,1,135793,51,5,Yes,Yes,0,No
CUST100831,38,Female,India,44335,616,Gold,264172,125695,75163,2,1,77982,42,2,No,Yes,3,No
CUST100832,71,Male,India,162326,680,Gold,220003,134585,5947,2,0,6304,31,3,No,Yes,2,No
CUST100833,25,Male,India,106610,444,Platinum,110925,246255,40419,0,2,42967,63,2,Yes,Yes,1,No
CUST100834,67,Female,USA,31442,626,Silver,86381,144407,57131,2,1,78763,26,3,Yes,Yes,3,No
CUST100835,45,Male,India,66289,662,Gold,119468,175212,29876,1,1,40462,18,2,No,Yes,0,Yes
CUST100836,22,Male,Australia,73747,349,Gold,262330,104126,20971,2,0,120356,82,5,No,Yes,4,No
CUST100837,30,Female,Canada,57327,364,Gold,345893,211445,63539,3,1,71834,57,5,Yes,Yes,1,No
CUST100838,50,Male,USA,167271,654,Gold,451888,77658,50228,1,2,111023,7,4,No,No,0,No
CUST100839,70,Female,UK,92827,463,Gold,33731,165912,75495,2,0,181227,112,2,No,No,5,No
CUST100840,65,Female,UK,126464,440,Silver,406791,293151,29261,0,2,117771,102,2,Yes,Yes,5,No
CUST100841,25,Male,Canada,151184,427,Silver,467728,106833,62260,0,1,75842,48,4,No,Yes,2,No
CUST100842,53,Male,USA,107051,697,Gold,71024,118637,4346,4,0,2589,80,4,Yes,Yes,1,No
CUST100843,74,Male,India,170653,762,Gold,136712,382865,57176,1,1,125023,119,5,Yes,Yes,1,No
CUST100844,21,Female,India,79722,486,Gold,121121,93220,53300,1,5,168150,60,5,Yes,Yes,0,No
CUST100845,38,Female,Australia,112036,489,Silver,285976,26393,12340,0,3,54918,33,2,Yes,Yes,2,No
CUST100846,52,Female,Australia,167595,687,Gold,52332,57480,34012,3,3,144673,115,5,No,Yes,2,No
CUST100847,67,Male,India,86960,728,Gold,32467,379387,36393,2,2,7711,3,5,Yes,No,1,No
CUST100848,69,Female,UK,39552,583,Gold,61025,350434,76133,2,1,59430,102,2,No,Yes,1,Yes
CUST100849,31,Female,UK,161880,536,Gold,164179,366407,26557,1,2,194399,4,4,No,Yes,2,Yes
CUST100850,41,Female,Australia,174692,493,Platinum,97994,140179,65204,2,0,102605,100,2,No,No,2,Yes
CUST100851,46,Female,Canada,20887,586,Gold,114202,268137,74273,0,1,3970,4,1,Yes,Yes,0,Yes
CUST100852,45,Female,India,51802,435,Gold,63481,93650,18276,2,0,69535,42,2,Yes,Yes,0,Yes
CUST100853,42,Female,Australia,105024,470,Gold,415797,234397,55639,2,1,86570,9,1,Yes,Yes,1,No
CUST100854,47,Female,Australia,138639,458,Platinum,95118,379739,8310,2,2,121315,104,2,No,Yes,1,No
CUST100855,69,Male,India,138248,500,Gold,406154,52066,36167,2,1,167248,51,1,Yes,Yes,1,No
CUST100856,33,Male,India,101938,786,Gold,464854,373994,11391,2,4,112111,17,1,No,Yes,1,Yes
CUST100857,53,Female,UK,142746,856,Gold,143714,305086,51621,2,0,41730,17,2,No,Yes,2,No
CUST100858,54,Male,Canada,46049,882,Gold,421634,16138,11892,0,1,144457,97,5,No,Yes,4,No
CUST100859,61,Female,Canada,97789,803,Silver,244699,118558,77733,1,2,123252,20,3,Yes,No,1,No
CUST100860,55,Female,India,104526,670,Silver,180185,258480,79586,1,1,137022,14,5,Yes,Yes,2,No
CUST100861,21,Female,USA,158918,402,Platinum,104363,271334,37142,3,1,184081,22,1,No,Yes,4,No
CUST100862,41,Male,Australia,66220,424,Gold,405751,354403,46679,1,1,154470,52,2,Yes,No,1,Yes
CUST100863,68,Male,Australia,66163,612,Gold,345188,78422,42615,5,0,156349,27,2,No,Yes,3,No
CUST100864,26,Male,India,154837,757,Platinum,231027,186770,48553,3,1,157833,43,2,Yes,Yes,0,No
CUST100865,48,Female,USA,137126,529,Gold,474246,82315,42002,3,2,195507,3,2,No,Yes,1,No
CUST100866,37,Female,UK,101486,496,Gold,293958,29086,71658,2,2,63944,88,3,No,Yes,3,No
CUST100867,25,Female,India,196342,722,Gold,381484,125604,10852,1,1,162605,94,4,Yes,Yes,0,No
CUST100868,51,Male,India,95277,871,Gold,292168,362958,6387,3,1,107437,8,1,Yes,Yes,1,Yes
CUST100869,25,Female,Australia,124245,470,Silver,214360,119324,40994,2,1,126794,86,3,No,No,6,No
CUST100870,58,Female,India,142332,681,Silver,391380,216682,34725,0,1,72123,89,5,Yes,Yes,2,No
CUST100871,23,Male,India,42931,472,Silver,77836,391065,73682,3,2,22880,10,4,Yes,Yes,1,No
CUST100872,73,Female,India,109116,752,Silver,289579,3435,1560,1,0,172825,113,4,Yes,Yes,3,No
CUST100873,43,Male,Australia,75633,649,Gold,480300,363649,57565,1,1,87829,29,2,Yes,Yes,2,No
CUST100874,57,Male,UK,71913,793,Silver,275095,315475,2312,2,1,132633,40,3,Yes,Yes,3,No
CUST100875,73,Female,UK,114776,303,Silver,352745,160014,19205,1,1,53205,118,5,No,Yes,4,No
CUST100876,57,Male,India,45991,392,Silver,281176,190707,12595,0,0,106948,65,2,Yes,Yes,1,No
CUST100877,30,Female,Australia,124092,305,Silver,403015,188629,22329,3,0,59810,116,2,Yes,Yes,2,No
CUST100878,30,Female,UK,161633,587,Gold,269717,375601,69187,3,2,113089,21,1,No,No,1,No
CUST100879,39,Female,UK,167973,445,Platinum,154479,314533,76542,3,2,64482,103,4,Yes,No,1,Yes
CUST100880,37,Male,UK,115556,723,Gold,381087,315158,36645,1,1,69192,24,5,Yes,Yes,1,No
CUST100881,41,Male,Australia,82875,756,Silver,52940,292441,70619,2,1,87154,73,4,No,Yes,3,No
CUST100882,34,Female,Australia,176989,501,Silver,25666,43890,34513,0,0,86066,60,3,No,Yes,5,Yes
CUST100883,29,Male,India,82120,511,Silver,319266,283466,9749,1,0,159402,108,1,Yes,No,2,No
CUST100884,66,Male,Canada,153060,305,Gold,400791,35739,31783,1,0,147211,118,2,No,Yes,3,No
CUST100885,21,Male,UK,130041,675,Silver,176164,79553,61645,1,1,128514,26,1,No,Yes,1,No
CUST100886,71,Female,Canada,148467,746,Gold,411897,8314,54175,1,3,32977,9,2,Yes,No,2,No
CUST100887,65,Male,Australia,165328,405,Silver,405546,93831,63709,0,1,4983,20,1,Yes,Yes,2,No
CUST100888,33,Female,Australia,138490,700,Gold,226717,337308,18323,4,0,170981,56,2,No,No,4,Yes
CUST100889,24,Female,Australia,146155,395,Silver,383334,369802,51762,3,0,195552,99,4,Yes,Yes,5,No
CUST100890,21,Male,Canada,48230,687,Silver,382612,339172,65222,3,1,49029,36,4,Yes,Yes,2,No
CUST100891,69,Male,Australia,79778,751,Gold,411351,298257,35493,5,0,152401,106,4,No,Yes,4,No
CUST100892,60,Female,India,65833,715,Silver,46505,117174,59328,3,0,122668,36,4,Yes,No,2,Yes
CUST100893,52,Female,Australia,42625,803,Silver,56713,146429,13213,3,0,167806,118,1,Yes,Yes,0,Yes
CUST100894,54,Female,USA,52088,753,Gold,467603,229937,47930,2,3,42837,73,2,Yes,Yes,1,No
CUST100895,48,Female,Canada,192239,590,Gold,325313,20365,28713,1,0,117512,22,4,Yes,Yes,4,No
CUST100896,51,Male,USA,123937,833,Gold,224354,301173,73723,1,1,66786,1,1,Yes,No,2,No
CUST100897,28,Male,Australia,96361,492,Silver,97511,263881,33583,2,1,4758,69,2,Yes,Yes,2,No
CUST100898,59,Male,India,108229,449,Silver,464958,393186,23369,0,1,102667,73,1,Yes,Yes,3,No
CUST100899,46,Male,UK,155189,814,Silver,322666,205704,48928,2,1,198771,37,4,Yes,No,5,Yes
CUST100900,54,Male,Australia,110265,692,Silver,232204,85474,69950,4,1,108119,102,3,No,No,1,No
CUST100901,74,Male,India,117718,615,Platinum,270694,340362,20510,2,2,100157,83,1,No,Yes,0,Yes
CUST100902,74,Male,Canada,80710,375,Gold,269836,255678,13120,3,0,82673,72,4,Yes,Yes,0,Yes
CUST100903,23,Female,USA,114876,898,Silver,254561,158571,6295,0,1,97639,106,5,No,Yes,2,No
CUST100904,70,Female,USA,50949,569,Gold,381541,241099,21460,0,1,152904,107,2,No,Yes,1,No
CUST100905,32,Male,USA,173619,524,Silver,23880,241474,15963,2,1,132940,96,4,No,Yes,4,Yes
CUST100906,21,Female,Canada,88136,829,Platinum,456670,128692,78116,3,1,114869,13,5,Yes,Yes,1,No
CUST100907,74,Male,India,131541,412,Silver,468927,238502,28328,2,0,181737,84,1,Yes,Yes,0,No
CUST100908,64,Female,Canada,81842,550,Silver,63539,177229,22605,0,0,172934,100,1,No,Yes,2,No
CUST100909,25,Male,USA,46990,532,Gold,260056,390555,45813,1,1,19728,43,5,Yes,Yes,2,No
CUST100910,50,Female,Australia,167265,382,Gold,481537,172106,47371,1,1,103542,108,5,Yes,Yes,0,No
CUST100911,50,Female,UK,50109,424,Gold,239057,294,48598,2,0,93565,37,2,Yes,Yes,5,No
CUST100912,37,Male,Canada,150356,474,Silver,34799,286740,61776,1,1,170929,94,1,No,No,5,Yes
CUST100913,68,Male,Canada,170305,368,Silver,124843,98185,73258,1,4,159255,74,5,Yes,Yes,1,No
CUST100914,67,Male,India,148133,346,Silver,473318,273578,41969,2,0,150012,95,3,Yes,Yes,3,No
CUST100915,43,Male,India,185582,555,Silver,463942,58382,37912,2,2,125019,25,3,Yes,Yes,3,No
CUST100916,35,Male,Canada,21306,329,Platinum,68784,300242,39374,1,0,136352,93,5,No,Yes,2,No
CUST100917,57,Female,USA,23849,580,Silver,133034,4655,73302,0,0,102548,88,2,Yes,No,3,No
CUST100918,41,Male,UK,32360,536,Silver,456549,83029,63784,1,1,133236,103,1,Yes,Yes,1,No
CUST100919,34,Female,India,131072,547,Gold,454044,308372,50882,2,1,121289,21,3,Yes,Yes,1,No
CUST100920,22,Female,USA,114767,667,Silver,220598,3771,16928,2,1,129068,41,5,Yes,Yes,1,No
CUST100921,31,Male,Australia,196872,794,Gold,74362,336243,22274,1,1,79624,73,5,Yes,No,4,Yes
CUST100922,71,Female,India,188035,324,Gold,73997,120811,35416,0,2,149477,42,4,Yes,Yes,1,No
CUST100923,59,Male,USA,74330,885,Silver,201413,324401,61998,3,1,2821,42,5,Yes,Yes,0,No
CUST100924,58,Female,USA,71707,789,Platinum,432289,279702,30047,4,0,55090,2,2,Yes,Yes,0,Yes
CUST100925,54,Male,UK,38689,793,Gold,384543,320580,44356,0,1,153588,68,3,No,Yes,2,No
CUST100926,58,Female,UK,49084,613,Silver,296693,107779,38134,2,1,141545,8,4,Yes,Yes,2,No
CUST100927,70,Female,Australia,60387,674,Silver,497011,124891,68042,6,1,46454,96,3,Yes,Yes,1,No
CUST100928,54,Male,USA,94816,324,Silver,339064,254797,52310,1,0,173602,61,3,Yes,Yes,1,No
CUST100929,38,Male,USA,22642,633,Gold,236398,254472,13363,3,2,104273,14,2,Yes,Yes,2,Yes
CUST100930,50,Female,UK,62137,654,Gold,488731,32376,45563,1,0,104472,113,5,Yes,Yes,1,No
CUST100931,35,Female,India,82260,415,Gold,280464,77924,31628,0,1,155870,77,2,Yes,Yes,1,No
CUST100932,47,Male,India,166510,347,Platinum,433532,29332,70672,1,0,131935,21,5,No,Yes,1,No
CUST100933,71,Male,Canada,68442,398,Gold,177255,393145,47246,2,0,16148,24,4,Yes,Yes,2,No
CUST100934,54,Female,UK,123061,758,Gold,376004,46737,12161,1,2,86545,50,2,Yes,Yes,1,No
CUST100935,72,Male,Canada,154066,822,Silver,44624,393056,3810,2,0,54459,82,2,Yes,No,2,No
CUST100936,58,Female,UK,145844,896,Gold,213587,89031,60860,1,3,84224,45,1,Yes,Yes,1,No
CUST100937,53,Male,Australia,119575,704,Silver,254784,183024,78199,3,1,66189,64,2,Yes,Yes,2,No
CUST100938,44,Male,USA,21813,513,Gold,498997,283135,72688,2,1,139201,64,1,Yes,Yes,2,No
CUST100939,35,Female,Australia,113027,802,Silver,66705,27472,66548,2,1,91954,104,5,Yes,Yes,0,No
CUST100940,50,Male,UK,143489,747,Silver,109326,59946,63363,3,1,23118,26,5,Yes,Yes,4,No
CUST100941,62,Male,USA,104381,875,Silver,439972,263685,12162,0,2,131515,32,5,Yes,Yes,5,No
CUST100942,71,Male,India,75276,557,Silver,342534,129237,74535,2,1,158113,108,1,Yes,Yes,1,No
CUST100943,37,Male,India,61243,420,Gold,88369,2765,8219,2,2,89379,57,5,Yes,No,4,Yes
CUST100944,25,Female,Canada,80272,353,Silver,221893,305218,71864,2,1,21053,119,3,Yes,Yes,3,No
CUST100945,49,Male,UK,193123,630,Gold,291733,364939,4621,5,0,96384,53,2,Yes,Yes,3,No
CUST100946,24,Female,UK,85618,540,Silver,133012,160355,45433,2,1,168276,33,1,Yes,No,1,No
CUST100947,30,Female,India,21920,829,Gold,427332,101387,77850,0,2,117545,52,5,Yes,Yes,1,No
CUST100948,37,Female,Australia,126121,782,Silver,355325,251116,67188,2,1,173312,95,3,Yes,No,2,No
CUST100949,30,Male,USA,96872,486,Silver,195858,393985,55951,4,2,126675,18,2,Yes,Yes,1,Yes
CUST100950,37,Male,Australia,101132,561,Gold,245758,148878,37558,0,0,93749,35,2,Yes,Yes,2,No
CUST100951,40,Female,Australia,22093,663,Silver,143711,265116,16659,1,0,192174,12,5,Yes,Yes,2,No
CUST100952,44,Female,India,32905,790,Silver,96425,149328,35413,3,2,139363,51,3,Yes,No,2,No
CUST100953,25,Female,India,141759,730,Silver,443502,366047,11435,1,0,16285,89,1,Yes,No,1,Yes
CUST100954,54,Male,India,175423,538,Silver,35994,149725,54911,0,2,61589,109,5,No,Yes,1,Yes
CUST100955,26,Male,Canada,50981,603,Gold,131915,103579,29067,1,1,13944,95,2,No,Yes,3,No
CUST100956,73,Female,Australia,93903,597,Silver,405105,39339,70224,1,2,101041,10,2,Yes,Yes,0,No
CUST100957,22,Female,UK,90821,375,Gold,124672,365520,74225,2,2,88876,111,2,No,Yes,1,Yes
CUST100958,33,Female,USA,129200,632,Gold,308783,304543,2379,0,1,95561,52,5,Yes,No,3,No
CUST100959,63,Female,Canada,102289,773,Silver,299349,306157,28624,1,1,54391,34,4,Yes,Yes,1,No
CUST100960,63,Female,UK,136506,582,Platinum,338821,27909,58745,1,1,1607,115,4,No,Yes,4,No
CUST100961,68,Male,Australia,98513,890,Gold,52930,188644,52805,2,0,2953,67,4,No,No,1,No
CUST100962,31,Male,India,170946,371,Gold,93313,157541,13516,4,1,44941,110,3,No,No,4,Yes
CUST100963,71,Male,Australia,158746,562,Gold,244923,132385,25843,2,1,61683,39,5,Yes,Yes,2,No
CUST100964,67,Male,USA,70516,874,Gold,133153,141002,6912,0,2,109588,8,2,Yes,Yes,2,No
CUST100965,43,Female,Canada,89212,311,Gold,300460,3285,22514,2,0,122080,96,3,Yes,No,3,No
CUST100966,36,Male,Canada,153498,440,Silver,440520,385781,58032,1,3,11154,107,4,Yes,Yes,1,Yes
CUST100967,51,Male,USA,150970,854,Silver,252911,35863,29797,1,0,125542,29,1,Yes,Yes,1,No
CUST100968,31,Male,UK,110009,316,Silver,116058,147776,7449,0,1,140119,22,3,No,Yes,3,Yes
CUST100969,74,Male,UK,181015,362,Silver,107876,131627,2725,1,1,88529,84,3,Yes,No,2,No
CUST100970,36,Male,Canada,64816,552,Silver,105366,21323,10304,1,2,14323,70,5,Yes,Yes,4,No
CUST100971,28,Male,Canada,24138,764,Silver,33403,333112,74058,1,2,37693,61,3,Yes,Yes,2,No
CUST100972,24,Female,India,111176,675,Silver,362196,53915,14663,2,3,189802,43,5,Yes,Yes,5,No
CUST100973,60,Male,UK,95945,819,Gold,268550,371687,71320,1,1,89170,49,1,Yes,No,0,No
CUST100974,24,Female,USA,24017,389,Platinum,281420,141691,76008,1,1,157364,29,2,No,Yes,3,No
CUST100975,45,Male,UK,30451,474,Platinum,497843,203462,76591,3,2,45111,106,2,Yes,No,1,No
CUST100976,23,Male,India,113863,375,Silver,355639,259990,13676,2,0,39491,81,4,Yes,Yes,2,No
CUST100977,52,Male,Canada,30278,699,Gold,183004,370644,26192,1,1,49336,31,4,No,No,2,No
CUST100978,23,Female,Canada,63764,370,Platinum,378234,373410,25722,4,1,16905,53,1,No,No,2,Yes
CUST100979,47,Female,India,143030,479,Silver,318845,288883,8446,1,2,30273,34,2,No,No,3,Yes
CUST100980,49,Male,USA,152206,423,Silver,416601,128041,5725,1,1,125191,38,4,No,No,0,Yes
CUST100981,52,Male,Canada,82943,680,Platinum,272396,53019,58632,1,2,115936,57,3,Yes,Yes,2,No
CUST100982,70,Female,Australia,115667,592,Gold,77241,207226,67945,0,0,157306,101,5,No,Yes,0,No
CUST100983,71,Male,Canada,74318,494,Silver,161439,233169,74741,1,1,66538,4,4,Yes,No,2,No
CUST100984,39,Male,Australia,123423,527,Silver,85030,7373,17365,0,1,104570,2,1,No,No,2,Yes
CUST100985,41,Female,India,123998,730,Silver,197577,166353,66792,1,0,163645,12,2,Yes,Yes,2,No
CUST100986,25,Female,India,80128,735,Gold,184404,20187,65857,1,1,93339,35,1,Yes,Yes,0,No
CUST100987,38,Male,Canada,41869,760,Gold,498394,330007,16704,3,1,121132,70,5,Yes,Yes,1,No
CUST100988,48,Female,UK,25039,320,Silver,227397,97927,51575,2,0,195392,110,5,Yes,Yes,2,No
CUST100989,62,Female,Australia,172353,363,Silver,448484,238185,30902,0,2,128993,72,1,Yes,Yes,2,No
CUST100990,42,Male,USA,132935,464,Gold,499702,346229,2195,1,0,11330,21,4,Yes,No,3,No
CUST100991,41,Female,Canada,30442,326,Gold,438779,117996,54517,2,2,72553,117,4,No,Yes,1,No
CUST100992,26,Female,USA,93788,610,Silver,125185,39220,35012,2,2,172425,110,2,Yes,Yes,0,No
CUST100993,21,Male,Canada,139729,584,Platinum,56404,392647,12415,6,1,147083,61,2,Yes,Yes,1,Yes
CUST100994,25,Male,UK,47586,580,Silver,75182,7642,40534,1,0,83537,35,3,No,Yes,3,No
CUST100995,61,Male,UK,73053,463,Silver,315135,79971,22686,2,1,60985,48,3,Yes,Yes,1,No
CUST100996,32,Female,UK,106346,523,Gold,124601,55556,78198,4,1,17044,15,2,Yes,Yes,3,Yes
CUST100997,46,Male,UK,87087,445,Silver,198735,300336,29743,0,2,169364,71,3,Yes,Yes,1,Yes
CUST100998,66,Female,India,163697,329,Gold,348030,397597,33161,0,1,122304,15,1,Yes,Yes,2,Yes
CUST100999,54,Female,India,54397,344,Gold,142002,227655,62313,1,1,136322,109,4,No,Yes,3,No
